roi,band,metric_type,contrast,contrast_label,n_full,full_dz,half_dz_mean,half_dz_sd,ci95_lo,ci95_hi,dir_agree_pct,reliable,n_valid_iters
FC_midline,delta,band_power,WS->TS,WS → TS,61,-0.4223,-0.4285,0.1117,-0.6406,-0.2241,100.0,True,1000
FC_midline,delta,band_power,TS->ESS1,TS → ESS1,61,0.7029,0.7138,0.147,0.46,1.0372,100.0,True,1000
FC_midline,delta,band_power,ESS1->LSS1,ESS1 → LSS1,61,1.6187,1.6395,0.1813,1.3389,2.0386,100.0,True,1000
FC_midline,delta,band_power,WS->ESS1,WS → ESS1,61,0.1074,0.122,0.1492,-0.1371,0.4573,80.5,False,1000
FC_midline,delta,band_power,WS->LSS1,WS → LSS1,61,1.3442,1.3666,0.2217,1.0194,1.887,100.0,True,1000
FC_midline,delta,peak_height,WS->TS,WS → TS,61,0.1482,0.1656,0.142,-0.0892,0.4693,87.6,False,1000
FC_midline,delta,peak_height,TS->ESS1,TS → ESS1,61,1.0978,1.0998,0.1687,0.8073,1.4854,100.0,True,1000
FC_midline,delta,peak_height,ESS1->LSS1,ESS1 → LSS1,61,0.7034,0.7179,0.1271,0.4812,0.9716,100.0,True,1000
FC_midline,delta,peak_height,WS->ESS1,WS → ESS1,61,0.9323,0.9478,0.207,0.6217,1.4189,100.0,True,1000
FC_midline,delta,peak_height,WS->LSS1,WS → LSS1,61,1.3213,1.3451,0.2002,1.0273,1.7974,100.0,True,1000
FC_midline,theta,band_power,WS->TS,WS → TS,61,0.1015,0.0991,0.1324,-0.1607,0.3636,78.1,False,1000
FC_midline,theta,band_power,TS->ESS1,TS → ESS1,61,0.6587,0.6866,0.1519,0.4214,1.0258,100.0,True,1000
FC_midline,theta,band_power,ESS1->LSS1,ESS1 → LSS1,61,1.4686,1.4961,0.1993,1.1833,1.9386,100.0,True,1000
FC_midline,theta,band_power,WS->ESS1,WS → ESS1,61,0.5456,0.5596,0.1317,0.3218,0.8296,100.0,True,1000
FC_midline,theta,band_power,WS->LSS1,WS → LSS1,61,1.5678,1.5907,0.166,1.3227,1.9957,100.0,True,1000
FC_midline,theta,peak_height,WS->TS,WS → TS,61,0.2777,0.2752,0.1346,0.0116,0.5537,98.0,True,1000
FC_midline,theta,peak_height,TS->ESS1,TS → ESS1,61,0.5007,0.5115,0.1724,0.2187,0.9122,100.0,True,1000
FC_midline,theta,peak_height,ESS1->LSS1,ESS1 → LSS1,61,0.4741,0.4866,0.1492,0.228,0.8149,100.0,True,1000
FC_midline,theta,peak_height,WS->ESS1,WS → ESS1,61,0.6169,0.6316,0.1659,0.3463,1.0054,100.0,True,1000
FC_midline,theta,peak_height,WS->LSS1,WS → LSS1,61,0.9792,0.9989,0.1759,0.7013,1.3627,100.0,True,1000
FC_midline,alpha1,band_power,WS->TS,WS → TS,61,-1.4228,-1.4507,0.1835,-1.8756,-1.146,100.0,True,1000
FC_midline,alpha1,band_power,TS->ESS1,TS → ESS1,61,-1.963,-2.0052,0.214,-2.4872,-1.6631,100.0,True,1000
FC_midline,alpha1,band_power,ESS1->LSS1,ESS1 → LSS1,61,0.0525,0.0544,0.1347,-0.1998,0.3352,64.5,False,1000
FC_midline,alpha1,band_power,WS->ESS1,WS → ESS1,61,-2.5859,-2.6157,0.2818,-3.2881,-2.1803,100.0,True,1000
FC_midline,alpha1,band_power,WS->LSS1,WS → LSS1,61,-2.4744,-2.5122,0.2517,-3.0768,-2.1066,100.0,True,1000
FC_midline,alpha1,peak_height,WS->TS,WS → TS,61,-0.7645,-0.7689,0.1164,-1.012,-0.5664,100.0,True,1000
FC_midline,alpha1,peak_height,TS->ESS1,TS → ESS1,61,-2.137,-2.1586,0.21,-2.6327,-1.8178,100.0,True,1000
FC_midline,alpha1,peak_height,ESS1->LSS1,ESS1 → LSS1,61,-0.7185,-0.7266,0.1141,-0.9613,-0.5129,100.0,True,1000
FC_midline,alpha1,peak_height,WS->ESS1,WS → ESS1,61,-2.5931,-2.6227,0.2725,-3.2601,-2.1983,100.0,True,1000
FC_midline,alpha1,peak_height,WS->LSS1,WS → LSS1,61,-2.8034,-2.8451,0.258,-3.4243,-2.4336,100.0,True,1000
FC_midline,alpha2,band_power,WS->TS,WS → TS,61,-0.7823,-0.7931,0.1473,-1.1102,-0.531,100.0,True,1000
FC_midline,alpha2,band_power,TS->ESS1,TS → ESS1,61,-2.1778,-2.2147,0.2528,-2.831,-1.8188,100.0,True,1000
FC_midline,alpha2,band_power,ESS1->LSS1,ESS1 → LSS1,61,-0.1791,-0.18,0.1338,-0.4536,0.076,92.7,True,1000
FC_midline,alpha2,band_power,WS->ESS1,WS → ESS1,61,-2.3566,-2.3892,0.2383,-2.907,-1.9961,100.0,True,1000
FC_midline,alpha2,band_power,WS->LSS1,WS → LSS1,61,-2.4703,-2.4913,0.2295,-3.0246,-2.1119,100.0,True,1000
FC_midline,alpha2,peak_height,WS->TS,WS → TS,61,-0.2696,-0.2713,0.1259,-0.5093,-0.0236,98.4,True,1000
FC_midline,alpha2,peak_height,TS->ESS1,TS → ESS1,61,-2.0886,-2.1081,0.2003,-2.5599,-1.7728,100.0,True,1000
FC_midline,alpha2,peak_height,ESS1->LSS1,ESS1 → LSS1,61,-0.6022,-0.6113,0.1565,-0.9521,-0.3412,100.0,True,1000
FC_midline,alpha2,peak_height,WS->ESS1,WS → ESS1,61,-2.1499,-2.1738,0.2369,-2.705,-1.8194,100.0,True,1000
FC_midline,alpha2,peak_height,WS->LSS1,WS → LSS1,61,-2.2293,-2.2516,0.2271,-2.76,-1.8773,100.0,True,1000
FC_midline,beta1,band_power,WS->TS,WS → TS,61,-1.2342,-1.2632,0.1754,-1.657,-0.991,100.0,True,1000
FC_midline,beta1,band_power,TS->ESS1,TS → ESS1,61,-1.1204,-1.1376,0.1611,-1.4782,-0.8599,100.0,True,1000
FC_midline,beta1,band_power,ESS1->LSS1,ESS1 → LSS1,61,0.7263,0.7333,0.1415,0.4975,1.0435,100.0,True,1000
FC_midline,beta1,band_power,WS->ESS1,WS → ESS1,61,-1.7062,-1.7257,0.176,-2.1289,-1.4395,100.0,True,1000
FC_midline,beta1,band_power,WS->LSS1,WS → LSS1,61,-0.8697,-0.8731,0.1441,-1.1781,-0.6205,100.0,True,1000
FC_midline,beta1,peak_height,WS->TS,WS → TS,61,-0.4228,-0.4222,0.1284,-0.6737,-0.1839,99.9,True,1000
FC_midline,beta1,peak_height,TS->ESS1,TS → ESS1,61,-0.27,-0.2703,0.1165,-0.4847,-0.0284,98.6,True,1000
FC_midline,beta1,peak_height,ESS1->LSS1,ESS1 → LSS1,61,0.5982,0.6015,0.1062,0.4012,0.8173,100.0,True,1000
FC_midline,beta1,peak_height,WS->ESS1,WS → ESS1,61,-0.5129,-0.5239,0.1323,-0.7984,-0.2819,100.0,True,1000
FC_midline,beta1,peak_height,WS->LSS1,WS → LSS1,61,-0.0104,-0.0171,0.1358,-0.2839,0.2493,54.7,False,1000
FC_midline,beta2,band_power,WS->TS,WS → TS,61,-1.617,-1.6504,0.1949,-2.1086,-1.3374,100.0,True,1000
FC_midline,beta2,band_power,TS->ESS1,TS → ESS1,61,-1.5073,-1.5381,0.1977,-1.9726,-1.2159,100.0,True,1000
FC_midline,beta2,band_power,ESS1->LSS1,ESS1 → LSS1,61,-0.3792,-0.3784,0.1321,-0.6391,-0.1148,99.9,True,1000
FC_midline,beta2,band_power,WS->ESS1,WS → ESS1,61,-2.1103,-2.1374,0.2651,-2.7942,-1.7463,100.0,True,1000
FC_midline,beta2,band_power,WS->LSS1,WS → LSS1,61,-2.6617,-2.6853,0.252,-3.2019,-2.2617,100.0,True,1000
FC_midline,beta2,peak_height,WS->TS,WS → TS,61,-0.6954,-0.698,0.1469,-1.0183,-0.4336,100.0,True,1000
FC_midline,beta2,peak_height,TS->ESS1,TS → ESS1,61,-0.8163,-0.838,0.1532,-1.1792,-0.5883,100.0,True,1000
FC_midline,beta2,peak_height,ESS1->LSS1,ESS1 → LSS1,61,-0.2628,-0.2549,0.1448,-0.5519,0.0164,97.1,True,1000
FC_midline,beta2,peak_height,WS->ESS1,WS → ESS1,61,-1.3009,-1.2998,0.1714,-1.6822,-0.9946,100.0,True,1000
FC_midline,beta2,peak_height,WS->LSS1,WS → LSS1,61,-1.4192,-1.4247,0.1437,-1.7583,-1.1976,100.0,True,1000
FC_midline,beta3,band_power,WS->TS,WS → TS,61,-0.6746,-0.6951,0.1661,-1.0665,-0.4269,100.0,True,1000
FC_midline,beta3,band_power,TS->ESS1,TS → ESS1,61,-1.0729,-1.1193,0.2114,-1.6284,-0.8096,100.0,True,1000
FC_midline,beta3,band_power,ESS1->LSS1,ESS1 → LSS1,61,-0.6578,-0.6679,0.1277,-0.9183,-0.4337,100.0,True,1000
FC_midline,beta3,band_power,WS->ESS1,WS → ESS1,61,-1.3805,-1.401,0.1835,-1.8471,-1.0984,100.0,True,1000
FC_midline,beta3,band_power,WS->LSS1,WS → LSS1,61,-2.2672,-2.292,0.2136,-2.78,-1.9136,100.0,True,1000
FC_midline,beta3,peak_height,WS->TS,WS → TS,61,0.1419,0.1496,0.1351,-0.1118,0.4293,86.8,False,1000
FC_midline,beta3,peak_height,TS->ESS1,TS → ESS1,61,-0.001,0.0034,0.1319,-0.2626,0.2465,48.5,False,1000
FC_midline,beta3,peak_height,ESS1->LSS1,ESS1 → LSS1,61,-0.5916,-0.5987,0.1368,-0.8856,-0.3538,100.0,True,1000
FC_midline,beta3,peak_height,WS->ESS1,WS → ESS1,61,0.1366,0.1415,0.1383,-0.1044,0.4421,85.1,False,1000
FC_midline,beta3,peak_height,WS->LSS1,WS → LSS1,61,-0.1603,-0.1554,0.1307,-0.3892,0.1147,88.0,False,1000
IPG,delta,band_power,WS->TS,WS → TS,61,-0.4309,-0.4457,0.1398,-0.7492,-0.1998,99.9,True,1000
IPG,delta,band_power,TS->ESS1,TS → ESS1,61,0.4736,0.498,0.1724,0.2083,0.8635,100.0,True,1000
IPG,delta,band_power,ESS1->LSS1,ESS1 → LSS1,61,1.5222,1.5436,0.1925,1.2365,1.9607,100.0,True,1000
IPG,delta,band_power,WS->ESS1,WS → ESS1,61,-0.1002,-0.0875,0.1386,-0.3282,0.2102,75.2,False,1000
IPG,delta,band_power,WS->LSS1,WS → LSS1,61,0.9857,1.0321,0.2813,0.646,1.7339,100.0,True,1000
IPG,delta,peak_height,WS->TS,WS → TS,61,-0.1017,-0.1,0.1364,-0.366,0.1577,77.5,False,1000
IPG,delta,peak_height,TS->ESS1,TS → ESS1,61,0.7948,0.8111,0.1728,0.5115,1.1966,100.0,True,1000
IPG,delta,peak_height,ESS1->LSS1,ESS1 → LSS1,61,0.6357,0.6364,0.1026,0.4443,0.8429,100.0,True,1000
IPG,delta,peak_height,WS->ESS1,WS → ESS1,61,0.4648,0.4743,0.1561,0.2103,0.8232,100.0,True,1000
IPG,delta,peak_height,WS->LSS1,WS → LSS1,61,0.8432,0.8572,0.1833,0.5698,1.2634,100.0,True,1000
IPG,theta,band_power,WS->TS,WS → TS,61,0.1026,0.1035,0.1413,-0.141,0.408,78.6,False,1000
IPG,theta,band_power,TS->ESS1,TS → ESS1,61,0.592,0.599,0.1343,0.3587,0.8919,100.0,True,1000
IPG,theta,band_power,ESS1->LSS1,ESS1 → LSS1,61,1.5268,1.5475,0.189,1.2403,1.9655,100.0,True,1000
IPG,theta,band_power,WS->ESS1,WS → ESS1,61,0.4817,0.4887,0.1372,0.2388,0.7731,100.0,True,1000
IPG,theta,band_power,WS->LSS1,WS → LSS1,61,1.4984,1.5149,0.1504,1.2718,1.8329,100.0,True,1000
IPG,theta,peak_height,WS->TS,WS → TS,61,0.2308,0.2307,0.1304,-0.0186,0.4839,96.2,True,1000
IPG,theta,peak_height,TS->ESS1,TS → ESS1,61,0.4656,0.473,0.1685,0.1823,0.8383,100.0,True,1000
IPG,theta,peak_height,ESS1->LSS1,ESS1 → LSS1,61,0.5651,0.5757,0.1487,0.3144,0.8938,100.0,True,1000
IPG,theta,peak_height,WS->ESS1,WS → ESS1,61,0.5942,0.5936,0.1598,0.3309,0.9682,100.0,True,1000
IPG,theta,peak_height,WS->LSS1,WS → LSS1,61,0.9412,0.9471,0.1395,0.6979,1.2389,100.0,True,1000
IPG,alpha1,band_power,WS->TS,WS → TS,61,-1.4564,-1.4749,0.1912,-1.889,-1.1615,100.0,True,1000
IPG,alpha1,band_power,TS->ESS1,TS → ESS1,61,-1.7396,-1.762,0.1723,-2.1301,-1.4734,100.0,True,1000
IPG,alpha1,band_power,ESS1->LSS1,ESS1 → LSS1,61,0.1853,0.2022,0.1577,-0.0619,0.5235,91.9,True,1000
IPG,alpha1,band_power,WS->ESS1,WS → ESS1,61,-2.468,-2.5084,0.2648,-3.119,-2.0919,100.0,True,1000
IPG,alpha1,band_power,WS->LSS1,WS → LSS1,61,-2.3307,-2.3518,0.2393,-2.8705,-1.9643,100.0,True,1000
IPG,alpha1,peak_height,WS->TS,WS → TS,61,-0.855,-0.8734,0.1416,-1.1755,-0.6284,100.0,True,1000
IPG,alpha1,peak_height,TS->ESS1,TS → ESS1,61,-2.0567,-2.0797,0.2065,-2.5288,-1.7335,100.0,True,1000
IPG,alpha1,peak_height,ESS1->LSS1,ESS1 → LSS1,61,-0.6248,-0.6326,0.1146,-0.8836,-0.432,100.0,True,1000
IPG,alpha1,peak_height,WS->ESS1,WS → ESS1,61,-2.6074,-2.6443,0.3379,-3.4038,-2.1366,100.0,True,1000
IPG,alpha1,peak_height,WS->LSS1,WS → LSS1,61,-2.8373,-2.854,0.3219,-3.5768,-2.3641,100.0,True,1000
IPG,alpha2,band_power,WS->TS,WS → TS,61,-0.7948,-0.8028,0.1455,-1.1094,-0.5379,100.0,True,1000
IPG,alpha2,band_power,TS->ESS1,TS → ESS1,61,-1.9753,-1.999,0.2177,-2.5046,-1.6475,100.0,True,1000
IPG,alpha2,band_power,ESS1->LSS1,ESS1 → LSS1,61,0.0621,0.0637,0.1367,-0.2252,0.3349,69.1,False,1000
IPG,alpha2,band_power,WS->ESS1,WS → ESS1,61,-2.0905,-2.1034,0.1825,-2.5162,-1.7926,100.0,True,1000
IPG,alpha2,band_power,WS->LSS1,WS → LSS1,61,-2.0738,-2.0914,0.1753,-2.4818,-1.7961,100.0,True,1000
IPG,alpha2,peak_height,WS->TS,WS → TS,61,-0.2704,-0.2738,0.1289,-0.5254,-0.025,98.2,True,1000
IPG,alpha2,peak_height,TS->ESS1,TS → ESS1,61,-1.8059,-1.8179,0.1754,-2.2036,-1.5279,100.0,True,1000
IPG,alpha2,peak_height,ESS1->LSS1,ESS1 → LSS1,61,-0.3929,-0.4105,0.1574,-0.7446,-0.1289,99.8,True,1000
IPG,alpha2,peak_height,WS->ESS1,WS → ESS1,61,-1.7923,-1.7991,0.1609,-2.1371,-1.5226,100.0,True,1000
IPG,alpha2,peak_height,WS->LSS1,WS → LSS1,61,-1.7824,-1.8046,0.1842,-2.2316,-1.5108,100.0,True,1000
IPG,beta1,band_power,WS->TS,WS → TS,61,-0.9662,-0.9839,0.1916,-1.4307,-0.6779,100.0,True,1000
IPG,beta1,band_power,TS->ESS1,TS → ESS1,61,-0.966,-0.9716,0.1444,-1.2733,-0.7199,100.0,True,1000
IPG,beta1,band_power,ESS1->LSS1,ESS1 → LSS1,61,0.7364,0.7398,0.1364,0.4987,1.035,100.0,True,1000
IPG,beta1,band_power,WS->ESS1,WS → ESS1,61,-1.4714,-1.4869,0.1547,-1.816,-1.2261,100.0,True,1000
IPG,beta1,band_power,WS->LSS1,WS → LSS1,61,-0.6297,-0.6399,0.149,-0.9639,-0.3845,100.0,True,1000
IPG,beta1,peak_height,WS->TS,WS → TS,61,-0.5164,-0.5211,0.1345,-0.8018,-0.2723,100.0,True,1000
IPG,beta1,peak_height,TS->ESS1,TS → ESS1,61,-0.2302,-0.2351,0.1302,-0.4981,0.0236,96.6,True,1000
IPG,beta1,peak_height,ESS1->LSS1,ESS1 → LSS1,61,0.5022,0.4998,0.1067,0.2981,0.6971,100.0,True,1000
IPG,beta1,peak_height,WS->ESS1,WS → ESS1,61,-0.5678,-0.5789,0.1336,-0.8595,-0.3387,100.0,True,1000
IPG,beta1,peak_height,WS->LSS1,WS → LSS1,61,-0.0725,-0.0781,0.138,-0.3537,0.1823,70.1,False,1000
IPG,beta2,band_power,WS->TS,WS → TS,61,-1.4781,-1.5213,0.1923,-1.9595,-1.214,100.0,True,1000
IPG,beta2,band_power,TS->ESS1,TS → ESS1,61,-1.4022,-1.4158,0.2032,-1.858,-1.0816,100.0,True,1000
IPG,beta2,band_power,ESS1->LSS1,ESS1 → LSS1,61,-0.2607,-0.2657,0.1393,-0.5384,0.0031,97.4,True,1000
IPG,beta2,band_power,WS->ESS1,WS → ESS1,61,-2.0853,-2.1179,0.2887,-2.8077,-1.6853,100.0,True,1000
IPG,beta2,band_power,WS->LSS1,WS → LSS1,61,-2.5154,-2.5597,0.2517,-3.0864,-2.1408,100.0,True,1000
IPG,beta2,peak_height,WS->TS,WS → TS,61,-0.7386,-0.7541,0.1512,-1.0735,-0.4971,100.0,True,1000
IPG,beta2,peak_height,TS->ESS1,TS → ESS1,61,-0.64,-0.6473,0.1229,-0.8984,-0.4261,100.0,True,1000
IPG,beta2,peak_height,ESS1->LSS1,ESS1 → LSS1,61,-0.2997,-0.3232,0.165,-0.6709,-0.054,99.7,True,1000
IPG,beta2,peak_height,WS->ESS1,WS → ESS1,61,-1.2149,-1.2138,0.1605,-1.5634,-0.9525,100.0,True,1000
IPG,beta2,peak_height,WS->LSS1,WS → LSS1,61,-1.2939,-1.3026,0.1366,-1.6118,-1.0625,100.0,True,1000
IPG,beta3,band_power,WS->TS,WS → TS,61,-0.5144,-0.5363,0.1696,-0.9566,-0.2564,100.0,True,1000
IPG,beta3,band_power,TS->ESS1,TS → ESS1,61,-0.8877,-0.9296,0.2004,-1.4053,-0.642,100.0,True,1000
IPG,beta3,band_power,ESS1->LSS1,ESS1 → LSS1,61,-0.6656,-0.6772,0.1435,-0.9993,-0.4229,100.0,True,1000
IPG,beta3,band_power,WS->ESS1,WS → ESS1,61,-1.2184,-1.242,0.1953,-1.712,-0.9329,100.0,True,1000
IPG,beta3,band_power,WS->LSS1,WS → LSS1,61,-2.1273,-2.1483,0.2353,-2.6872,-1.7614,100.0,True,1000
IPG,beta3,peak_height,WS->TS,WS → TS,61,0.0976,0.1033,0.141,-0.1615,0.406,77.3,False,1000
IPG,beta3,peak_height,TS->ESS1,TS → ESS1,61,0.1045,0.1168,0.1422,-0.1268,0.4227,78.5,False,1000
IPG,beta3,peak_height,ESS1->LSS1,ESS1 → LSS1,61,-0.4429,-0.4397,0.1354,-0.7066,-0.1775,99.9,True,1000
IPG,beta3,peak_height,WS->ESS1,WS → ESS1,61,0.1806,0.1937,0.1507,-0.0569,0.5392,92.5,True,1000
IPG,beta3,peak_height,WS->LSS1,WS → LSS1,61,-0.0806,-0.0739,0.1333,-0.3115,0.2131,71.6,False,1000
L_DLPFC,delta,band_power,WS->TS,WS → TS,61,-0.4328,-0.4628,0.1525,-0.7255,-0.2046,100.0,True,1000
L_DLPFC,delta,band_power,TS->ESS1,TS → ESS1,61,0.5132,0.5144,0.159,0.2433,0.8748,100.0,True,1000
L_DLPFC,delta,band_power,ESS1->LSS1,ESS1 → LSS1,61,1.437,1.459,0.189,1.1563,1.901,100.0,True,1000
L_DLPFC,delta,band_power,WS->ESS1,WS → ESS1,61,-0.042,-0.0376,0.1367,-0.2668,0.2769,66.2,False,1000
L_DLPFC,delta,band_power,WS->LSS1,WS → LSS1,61,0.9957,1.035,0.2719,0.6515,1.6651,100.0,True,1000
L_DLPFC,delta,peak_height,WS->TS,WS → TS,61,-0.0458,-0.0419,0.1331,-0.3132,0.2346,62.8,False,1000
L_DLPFC,delta,peak_height,TS->ESS1,TS → ESS1,61,0.6712,0.6878,0.1763,0.3855,1.0915,100.0,True,1000
L_DLPFC,delta,peak_height,ESS1->LSS1,ESS1 → LSS1,61,0.6375,0.6468,0.1104,0.4475,0.8686,100.0,True,1000
L_DLPFC,delta,peak_height,WS->ESS1,WS → ESS1,61,0.4459,0.4554,0.1482,0.1959,0.7795,99.9,True,1000
L_DLPFC,delta,peak_height,WS->LSS1,WS → LSS1,61,0.9424,0.9725,0.2031,0.6502,1.4148,100.0,True,1000
L_DLPFC,theta,band_power,WS->TS,WS → TS,61,0.1521,0.1551,0.1401,-0.1165,0.422,87.5,False,1000
L_DLPFC,theta,band_power,TS->ESS1,TS → ESS1,61,0.455,0.4657,0.1315,0.2369,0.7521,100.0,True,1000
L_DLPFC,theta,band_power,ESS1->LSS1,ESS1 → LSS1,61,1.344,1.3725,0.1774,1.0903,1.7975,100.0,True,1000
L_DLPFC,theta,band_power,WS->ESS1,WS → ESS1,61,0.4519,0.4492,0.1386,0.1918,0.7511,100.0,True,1000
L_DLPFC,theta,band_power,WS->LSS1,WS → LSS1,61,1.2921,1.3081,0.142,1.0689,1.618,100.0,True,1000
L_DLPFC,theta,peak_height,WS->TS,WS → TS,61,0.3195,0.3245,0.1386,0.0504,0.6195,99.1,True,1000
L_DLPFC,theta,peak_height,TS->ESS1,TS → ESS1,61,0.302,0.3154,0.1521,0.0468,0.6451,99.2,True,1000
L_DLPFC,theta,peak_height,ESS1->LSS1,ESS1 → LSS1,61,0.3811,0.3905,0.1349,0.1535,0.6835,99.9,True,1000
L_DLPFC,theta,peak_height,WS->ESS1,WS → ESS1,61,0.5429,0.5555,0.1514,0.2858,0.8853,100.0,True,1000
L_DLPFC,theta,peak_height,WS->LSS1,WS → LSS1,61,0.832,0.8386,0.1469,0.5768,1.1482,100.0,True,1000
L_DLPFC,alpha1,band_power,WS->TS,WS → TS,61,-1.2822,-1.2971,0.1526,-1.6233,-1.029,100.0,True,1000
L_DLPFC,alpha1,band_power,TS->ESS1,TS → ESS1,61,-1.8326,-1.8448,0.1824,-2.2672,-1.539,100.0,True,1000
L_DLPFC,alpha1,band_power,ESS1->LSS1,ESS1 → LSS1,61,0.0081,0.016,0.1451,-0.2349,0.3472,51.5,False,1000
L_DLPFC,alpha1,band_power,WS->ESS1,WS → ESS1,61,-2.6463,-2.6913,0.3144,-3.4218,-2.1877,100.0,True,1000
L_DLPFC,alpha1,band_power,WS->LSS1,WS → LSS1,61,-2.534,-2.563,0.2596,-3.1303,-2.1514,100.0,True,1000
L_DLPFC,alpha1,peak_height,WS->TS,WS → TS,61,-0.85,-0.8547,0.1235,-1.1186,-0.627,100.0,True,1000
L_DLPFC,alpha1,peak_height,TS->ESS1,TS → ESS1,61,-2.0294,-2.0616,0.2306,-2.5993,-1.6859,100.0,True,1000
L_DLPFC,alpha1,peak_height,ESS1->LSS1,ESS1 → LSS1,61,-0.6115,-0.6093,0.1454,-0.9491,-0.3644,100.0,True,1000
L_DLPFC,alpha1,peak_height,WS->ESS1,WS → ESS1,61,-2.7604,-2.8049,0.3552,-3.6016,-2.2718,100.0,True,1000
L_DLPFC,alpha1,peak_height,WS->LSS1,WS → LSS1,61,-2.8168,-2.8601,0.322,-3.5655,-2.3419,100.0,True,1000
L_DLPFC,alpha2,band_power,WS->TS,WS → TS,61,-0.8524,-0.8758,0.1572,-1.2556,-0.6232,100.0,True,1000
L_DLPFC,alpha2,band_power,TS->ESS1,TS → ESS1,61,-2.0536,-2.0644,0.2066,-2.5222,-1.7221,100.0,True,1000
L_DLPFC,alpha2,band_power,ESS1->LSS1,ESS1 → LSS1,61,-0.0001,-0.0082,0.1337,-0.2776,0.2421,52.3,False,1000
L_DLPFC,alpha2,band_power,WS->ESS1,WS → ESS1,61,-2.1153,-2.1357,0.1976,-2.572,-1.8004,100.0,True,1000
L_DLPFC,alpha2,band_power,WS->LSS1,WS → LSS1,61,-2.2468,-2.2642,0.2213,-2.7647,-1.9106,100.0,True,1000
L_DLPFC,alpha2,peak_height,WS->TS,WS → TS,61,-0.384,-0.3858,0.124,-0.6383,-0.15,99.8,True,1000
L_DLPFC,alpha2,peak_height,TS->ESS1,TS → ESS1,61,-1.7807,-1.8007,0.1805,-2.2068,-1.4987,100.0,True,1000
L_DLPFC,alpha2,peak_height,ESS1->LSS1,ESS1 → LSS1,61,-0.3238,-0.3264,0.1527,-0.6885,-0.0684,99.4,True,1000
L_DLPFC,alpha2,peak_height,WS->ESS1,WS → ESS1,61,-1.905,-1.9124,0.1983,-2.359,-1.5874,100.0,True,1000
L_DLPFC,alpha2,peak_height,WS->LSS1,WS → LSS1,61,-1.971,-1.9988,0.2073,-2.4506,-1.6558,100.0,True,1000
L_DLPFC,beta1,band_power,WS->TS,WS → TS,61,-0.9626,-0.9995,0.1954,-1.4418,-0.6842,100.0,True,1000
L_DLPFC,beta1,band_power,TS->ESS1,TS → ESS1,61,-0.9307,-0.9315,0.143,-1.2463,-0.6782,100.0,True,1000
L_DLPFC,beta1,band_power,ESS1->LSS1,ESS1 → LSS1,61,0.5423,0.5467,0.1275,0.3047,0.8172,100.0,True,1000
L_DLPFC,beta1,band_power,WS->ESS1,WS → ESS1,61,-1.4285,-1.4376,0.1613,-1.7852,-1.156,100.0,True,1000
L_DLPFC,beta1,band_power,WS->LSS1,WS → LSS1,61,-0.793,-0.7986,0.1414,-1.086,-0.5386,100.0,True,1000
L_DLPFC,beta1,peak_height,WS->TS,WS → TS,61,-0.2191,-0.2198,0.127,-0.4582,0.0255,95.9,True,1000
L_DLPFC,beta1,peak_height,TS->ESS1,TS → ESS1,61,-0.0543,-0.0573,0.131,-0.3046,0.203,66.6,False,1000
L_DLPFC,beta1,peak_height,ESS1->LSS1,ESS1 → LSS1,61,0.4067,0.4108,0.1245,0.1673,0.67,100.0,True,1000
L_DLPFC,beta1,peak_height,WS->ESS1,WS → ESS1,61,-0.2122,-0.2184,0.1245,-0.4556,0.0429,96.2,True,1000
L_DLPFC,beta1,peak_height,WS->LSS1,WS → LSS1,61,0.0938,0.0977,0.1397,-0.1579,0.3754,76.5,False,1000
L_DLPFC,beta2,band_power,WS->TS,WS → TS,61,-1.6786,-1.7092,0.1888,-2.1384,-1.4105,100.0,True,1000
L_DLPFC,beta2,band_power,TS->ESS1,TS → ESS1,61,-1.6667,-1.6856,0.2116,-2.1352,-1.336,100.0,True,1000
L_DLPFC,beta2,band_power,ESS1->LSS1,ESS1 → LSS1,61,-0.3767,-0.38,0.1395,-0.6584,-0.1358,99.9,True,1000
L_DLPFC,beta2,band_power,WS->ESS1,WS → ESS1,61,-2.4088,-2.4292,0.2936,-3.0672,-1.9839,100.0,True,1000
L_DLPFC,beta2,band_power,WS->LSS1,WS → LSS1,61,-2.8408,-2.873,0.3025,-3.5598,-2.3647,100.0,True,1000
L_DLPFC,beta2,peak_height,WS->TS,WS → TS,61,-0.7539,-0.7594,0.1418,-1.0734,-0.521,100.0,True,1000
L_DLPFC,beta2,peak_height,TS->ESS1,TS → ESS1,61,-0.6642,-0.6712,0.1288,-0.9478,-0.4441,100.0,True,1000
L_DLPFC,beta2,peak_height,ESS1->LSS1,ESS1 → LSS1,61,-0.1337,-0.1358,0.1398,-0.4066,0.1414,83.4,False,1000
L_DLPFC,beta2,peak_height,WS->ESS1,WS → ESS1,61,-1.2707,-1.2867,0.1838,-1.7139,-0.9821,100.0,True,1000
L_DLPFC,beta2,peak_height,WS->LSS1,WS → LSS1,61,-1.2643,-1.2709,0.1427,-1.5667,-1.0341,100.0,True,1000
L_DLPFC,beta3,band_power,WS->TS,WS → TS,61,-0.6525,-0.6575,0.1229,-0.9253,-0.4362,100.0,True,1000
L_DLPFC,beta3,band_power,TS->ESS1,TS → ESS1,61,-1.2057,-1.2729,0.2336,-1.7987,-0.9199,100.0,True,1000
L_DLPFC,beta3,band_power,ESS1->LSS1,ESS1 → LSS1,61,-0.6796,-0.6874,0.1497,-0.9828,-0.4359,100.0,True,1000
L_DLPFC,beta3,band_power,WS->ESS1,WS → ESS1,61,-1.4805,-1.4922,0.1619,-1.8402,-1.2128,100.0,True,1000
L_DLPFC,beta3,band_power,WS->LSS1,WS → LSS1,61,-2.0845,-2.1001,0.1916,-2.5039,-1.7788,100.0,True,1000
L_DLPFC,beta3,peak_height,WS->TS,WS → TS,61,0.1796,0.1819,0.1446,-0.0839,0.4721,90.4,True,1000
L_DLPFC,beta3,peak_height,TS->ESS1,TS → ESS1,61,-0.0962,-0.0998,0.1328,-0.3486,0.1685,77.8,False,1000
L_DLPFC,beta3,peak_height,ESS1->LSS1,ESS1 → LSS1,61,-0.4173,-0.4196,0.1414,-0.7062,-0.1771,99.9,True,1000
L_DLPFC,beta3,peak_height,WS->ESS1,WS → ESS1,61,0.1083,0.1216,0.148,-0.1228,0.4314,78.8,False,1000
L_DLPFC,beta3,peak_height,WS->LSS1,WS → LSS1,61,-0.1099,-0.103,0.13,-0.3344,0.1726,79.8,False,1000
L_STG,delta,band_power,WS->TS,WS → TS,61,-0.4181,-0.429,0.1241,-0.6579,-0.2008,99.9,True,1000
L_STG,delta,band_power,TS->ESS1,TS → ESS1,61,0.6256,0.6292,0.1386,0.3879,0.9091,100.0,True,1000
L_STG,delta,band_power,ESS1->LSS1,ESS1 → LSS1,61,1.6211,1.6384,0.1863,1.3308,2.0596,100.0,True,1000
L_STG,delta,band_power,WS->ESS1,WS → ESS1,61,0.0863,0.0988,0.1457,-0.148,0.4149,74.9,False,1000
L_STG,delta,band_power,WS->LSS1,WS → LSS1,61,1.2988,1.3275,0.2004,1.002,1.7965,100.0,True,1000
L_STG,delta,peak_height,WS->TS,WS → TS,61,0.1001,0.1009,0.1401,-0.165,0.3991,75.7,False,1000
L_STG,delta,peak_height,TS->ESS1,TS → ESS1,61,1.0401,1.0498,0.1652,0.7697,1.3934,100.0,True,1000
L_STG,delta,peak_height,ESS1->LSS1,ESS1 → LSS1,61,0.7019,0.7119,0.1246,0.4961,0.9779,100.0,True,1000
L_STG,delta,peak_height,WS->ESS1,WS → ESS1,61,0.8048,0.8253,0.1963,0.5005,1.2669,100.0,True,1000
L_STG,delta,peak_height,WS->LSS1,WS → LSS1,61,1.1918,1.2208,0.2139,0.8967,1.7466,100.0,True,1000
L_STG,theta,band_power,WS->TS,WS → TS,61,0.2353,0.2373,0.1321,-0.0169,0.4896,96.1,True,1000
L_STG,theta,band_power,TS->ESS1,TS → ESS1,61,0.6096,0.6179,0.1245,0.3984,0.8777,100.0,True,1000
L_STG,theta,band_power,ESS1->LSS1,ESS1 → LSS1,61,1.3925,1.4177,0.1834,1.1251,1.8485,100.0,True,1000
L_STG,theta,band_power,WS->ESS1,WS → ESS1,61,0.586,0.5937,0.1368,0.3352,0.8661,100.0,True,1000
L_STG,theta,band_power,WS->LSS1,WS → LSS1,61,1.5479,1.5703,0.1612,1.3025,1.9419,100.0,True,1000
L_STG,theta,peak_height,WS->TS,WS → TS,61,0.3574,0.3689,0.1339,0.1235,0.6368,99.9,True,1000
L_STG,theta,peak_height,TS->ESS1,TS → ESS1,61,0.4616,0.4684,0.1611,0.1947,0.8085,99.9,True,1000
L_STG,theta,peak_height,ESS1->LSS1,ESS1 → LSS1,61,0.4063,0.4189,0.1419,0.1651,0.7419,99.9,True,1000
L_STG,theta,peak_height,WS->ESS1,WS → ESS1,61,0.6735,0.6892,0.1687,0.4068,1.0342,100.0,True,1000
L_STG,theta,peak_height,WS->LSS1,WS → LSS1,61,0.9942,1.0157,0.1635,0.7329,1.3646,100.0,True,1000
L_STG,alpha1,band_power,WS->TS,WS → TS,61,-1.2851,-1.2968,0.1777,-1.7006,-1.0009,100.0,True,1000
L_STG,alpha1,band_power,TS->ESS1,TS → ESS1,61,-1.7876,-1.8037,0.1806,-2.1914,-1.4915,100.0,True,1000
L_STG,alpha1,band_power,ESS1->LSS1,ESS1 → LSS1,61,0.0629,0.0727,0.1416,-0.1831,0.3802,67.7,False,1000
L_STG,alpha1,band_power,WS->ESS1,WS → ESS1,61,-2.4229,-2.4546,0.2862,-3.0751,-2.0151,100.0,True,1000
L_STG,alpha1,band_power,WS->LSS1,WS → LSS1,61,-2.2713,-2.2935,0.2505,-2.9124,-1.8946,100.0,True,1000
L_STG,alpha1,peak_height,WS->TS,WS → TS,61,-0.6454,-0.641,0.121,-0.8913,-0.4148,100.0,True,1000
L_STG,alpha1,peak_height,TS->ESS1,TS → ESS1,61,-1.9415,-1.956,0.1926,-2.3792,-1.63,100.0,True,1000
L_STG,alpha1,peak_height,ESS1->LSS1,ESS1 → LSS1,61,-0.6894,-0.6876,0.1043,-0.8852,-0.4912,100.0,True,1000
L_STG,alpha1,peak_height,WS->ESS1,WS → ESS1,61,-2.4065,-2.4353,0.2778,-3.0621,-1.9947,100.0,True,1000
L_STG,alpha1,peak_height,WS->LSS1,WS → LSS1,61,-2.5918,-2.6255,0.2624,-3.2251,-2.2042,100.0,True,1000
L_STG,alpha2,band_power,WS->TS,WS → TS,61,-0.7535,-0.7704,0.1508,-1.1064,-0.512,100.0,True,1000
L_STG,alpha2,band_power,TS->ESS1,TS → ESS1,61,-1.8024,-1.8214,0.2124,-2.2931,-1.4707,100.0,True,1000
L_STG,alpha2,band_power,ESS1->LSS1,ESS1 → LSS1,61,-0.2057,-0.1975,0.1341,-0.477,0.0517,93.0,True,1000
L_STG,alpha2,band_power,WS->ESS1,WS → ESS1,61,-1.9397,-1.9644,0.193,-2.3887,-1.6394,100.0,True,1000
L_STG,alpha2,band_power,WS->LSS1,WS → LSS1,61,-2.2229,-2.2481,0.2046,-2.6933,-1.9114,100.0,True,1000
L_STG,alpha2,peak_height,WS->TS,WS → TS,61,-0.2801,-0.2834,0.1328,-0.5397,-0.028,98.5,True,1000
L_STG,alpha2,peak_height,TS->ESS1,TS → ESS1,61,-1.7443,-1.7588,0.1826,-2.1565,-1.453,100.0,True,1000
L_STG,alpha2,peak_height,ESS1->LSS1,ESS1 → LSS1,61,-0.6204,-0.6349,0.148,-0.945,-0.3617,100.0,True,1000
L_STG,alpha2,peak_height,WS->ESS1,WS → ESS1,61,-1.7804,-1.7908,0.1933,-2.1885,-1.4643,100.0,True,1000
L_STG,alpha2,peak_height,WS->LSS1,WS → LSS1,61,-2.0066,-2.0137,0.1867,-2.4505,-1.7004,100.0,True,1000
L_STG,beta1,band_power,WS->TS,WS → TS,61,-0.9934,-1.0154,0.1617,-1.3904,-0.7534,100.0,True,1000
L_STG,beta1,band_power,TS->ESS1,TS → ESS1,61,-0.9861,-0.992,0.1433,-1.3073,-0.7512,100.0,True,1000
L_STG,beta1,band_power,ESS1->LSS1,ESS1 → LSS1,61,0.8122,0.8182,0.1354,0.5723,1.1119,100.0,True,1000
L_STG,beta1,band_power,WS->ESS1,WS → ESS1,61,-1.4658,-1.4824,0.1579,-1.843,-1.2238,100.0,True,1000
L_STG,beta1,band_power,WS->LSS1,WS → LSS1,61,-0.5147,-0.5112,0.1316,-0.7688,-0.2764,100.0,True,1000
L_STG,beta1,peak_height,WS->TS,WS → TS,61,-0.4107,-0.4118,0.1354,-0.6994,-0.1561,100.0,True,1000
L_STG,beta1,peak_height,TS->ESS1,TS → ESS1,61,-0.2736,-0.2704,0.1334,-0.5394,-0.0072,97.7,True,1000
L_STG,beta1,peak_height,ESS1->LSS1,ESS1 → LSS1,61,0.7161,0.7191,0.1089,0.5266,0.9611,100.0,True,1000
L_STG,beta1,peak_height,WS->ESS1,WS → ESS1,61,-0.5213,-0.5369,0.1515,-0.8888,-0.285,100.0,True,1000
L_STG,beta1,peak_height,WS->LSS1,WS → LSS1,61,0.1139,0.1157,0.1325,-0.1261,0.3837,80.6,False,1000
L_STG,beta2,band_power,WS->TS,WS → TS,61,-1.6666,-1.6896,0.1874,-2.1105,-1.3632,100.0,True,1000
L_STG,beta2,band_power,TS->ESS1,TS → ESS1,61,-1.4805,-1.5078,0.2132,-1.954,-1.1645,100.0,True,1000
L_STG,beta2,band_power,ESS1->LSS1,ESS1 → LSS1,61,-0.2942,-0.3001,0.1354,-0.5684,-0.0474,98.6,True,1000
L_STG,beta2,band_power,WS->ESS1,WS → ESS1,61,-2.1418,-2.1708,0.2897,-2.8816,-1.7334,100.0,True,1000
L_STG,beta2,band_power,WS->LSS1,WS → LSS1,61,-2.5744,-2.5993,0.2273,-3.1087,-2.2204,100.0,True,1000
L_STG,beta2,peak_height,WS->TS,WS → TS,61,-0.7487,-0.7666,0.1531,-1.1033,-0.5042,100.0,True,1000
L_STG,beta2,peak_height,TS->ESS1,TS → ESS1,61,-0.9155,-0.9501,0.2331,-1.4273,-0.6018,100.0,True,1000
L_STG,beta2,peak_height,ESS1->LSS1,ESS1 → LSS1,61,-0.1814,-0.1711,0.1325,-0.4358,0.0788,91.2,True,1000
L_STG,beta2,peak_height,WS->ESS1,WS → ESS1,61,-1.372,-1.393,0.1977,-1.8208,-1.0636,100.0,True,1000
L_STG,beta2,peak_height,WS->LSS1,WS → LSS1,61,-1.497,-1.5121,0.1605,-1.8724,-1.2315,100.0,True,1000
L_STG,beta3,band_power,WS->TS,WS → TS,61,-0.5949,-0.6102,0.1544,-0.9417,-0.3444,100.0,True,1000
L_STG,beta3,band_power,TS->ESS1,TS → ESS1,61,-0.9219,-0.9694,0.1801,-1.4004,-0.6896,100.0,True,1000
L_STG,beta3,band_power,ESS1->LSS1,ESS1 → LSS1,61,-0.6463,-0.6532,0.1381,-0.9319,-0.4096,100.0,True,1000
L_STG,beta3,band_power,WS->ESS1,WS → ESS1,61,-1.2566,-1.2584,0.1519,-1.621,-1.0015,100.0,True,1000
L_STG,beta3,band_power,WS->LSS1,WS → LSS1,61,-1.7597,-1.7932,0.2028,-2.275,-1.4694,100.0,True,1000
L_STG,beta3,peak_height,WS->TS,WS → TS,61,0.3149,0.3335,0.1594,0.0637,0.6709,98.9,True,1000
L_STG,beta3,peak_height,TS->ESS1,TS → ESS1,61,-0.0637,-0.0594,0.1401,-0.3366,0.2423,68.4,False,1000
L_STG,beta3,peak_height,ESS1->LSS1,ESS1 → LSS1,61,-0.5699,-0.5773,0.1422,-0.8796,-0.3178,100.0,True,1000
L_STG,beta3,peak_height,WS->ESS1,WS → ESS1,61,0.2627,0.2662,0.1491,0.0103,0.5758,98.3,True,1000
L_STG,beta3,peak_height,WS->LSS1,WS → LSS1,61,-0.092,-0.0896,0.1313,-0.3161,0.193,77.4,False,1000
Occipital,delta,band_power,WS->TS,WS → TS,61,-0.5782,-0.5819,0.1252,-0.8409,-0.3568,100.0,True,1000
Occipital,delta,band_power,TS->ESS1,TS → ESS1,61,0.3487,0.3559,0.1448,0.091,0.6497,99.5,True,1000
Occipital,delta,band_power,ESS1->LSS1,ESS1 → LSS1,61,0.9546,0.9764,0.1861,0.689,1.3917,100.0,True,1000
Occipital,delta,band_power,WS->ESS1,WS → ESS1,61,-0.3349,-0.3352,0.1244,-0.5801,-0.0919,99.5,True,1000
Occipital,delta,band_power,WS->LSS1,WS → LSS1,61,0.2957,0.311,0.1582,0.0314,0.6424,98.5,True,1000
Occipital,delta,peak_height,WS->TS,WS → TS,61,-0.124,-0.1299,0.1397,-0.4105,0.145,83.4,False,1000
Occipital,delta,peak_height,TS->ESS1,TS → ESS1,61,0.4735,0.479,0.1418,0.2187,0.7902,100.0,True,1000
Occipital,delta,peak_height,ESS1->LSS1,ESS1 → LSS1,61,-0.0394,-0.0291,0.1322,-0.2954,0.2244,58.1,False,1000
Occipital,delta,peak_height,WS->ESS1,WS → ESS1,61,0.2336,0.2369,0.1434,-0.028,0.5551,96.3,True,1000
Occipital,delta,peak_height,WS->LSS1,WS → LSS1,61,0.1751,0.1791,0.1415,-0.072,0.4746,91.9,True,1000
Occipital,theta,band_power,WS->TS,WS → TS,61,-0.2305,-0.2228,0.1267,-0.4661,0.0297,95.3,True,1000
Occipital,theta,band_power,TS->ESS1,TS → ESS1,61,0.2868,0.2948,0.1455,0.0451,0.5974,98.5,True,1000
Occipital,theta,band_power,ESS1->LSS1,ESS1 → LSS1,61,1.2014,1.2129,0.1525,0.9599,1.5522,100.0,True,1000
Occipital,theta,band_power,WS->ESS1,WS → ESS1,61,0.0428,0.054,0.1373,-0.1923,0.3375,62.9,False,1000
Occipital,theta,band_power,WS->LSS1,WS → LSS1,61,0.7609,0.7852,0.1612,0.5154,1.1106,100.0,True,1000
Occipital,theta,peak_height,WS->TS,WS → TS,61,0.0913,0.0845,0.131,-0.192,0.3164,74.7,False,1000
Occipital,theta,peak_height,TS->ESS1,TS → ESS1,61,0.2919,0.3055,0.1613,0.0378,0.6704,99.1,True,1000
Occipital,theta,peak_height,ESS1->LSS1,ESS1 → LSS1,61,-0.0075,-0.0158,0.1389,-0.3273,0.2286,52.8,False,1000
Occipital,theta,peak_height,WS->ESS1,WS → ESS1,61,0.3777,0.3784,0.1361,0.133,0.6636,99.7,True,1000
Occipital,theta,peak_height,WS->LSS1,WS → LSS1,61,0.3807,0.3871,0.1441,0.1186,0.6784,99.8,True,1000
Occipital,alpha1,band_power,WS->TS,WS → TS,61,-1.2326,-1.2508,0.1736,-1.6373,-0.9731,100.0,True,1000
Occipital,alpha1,band_power,TS->ESS1,TS → ESS1,61,-1.7312,-1.7543,0.1734,-2.1518,-1.4633,100.0,True,1000
Occipital,alpha1,band_power,ESS1->LSS1,ESS1 → LSS1,61,-0.0586,-0.0567,0.1377,-0.3219,0.2316,68.4,False,1000
Occipital,alpha1,band_power,WS->ESS1,WS → ESS1,61,-2.4653,-2.4829,0.2423,-3.0373,-2.084,100.0,True,1000
Occipital,alpha1,band_power,WS->LSS1,WS → LSS1,61,-2.337,-2.3655,0.2722,-2.9383,-1.9389,100.0,True,1000
Occipital,alpha1,peak_height,WS->TS,WS → TS,61,-0.5986,-0.6046,0.1537,-0.944,-0.3329,100.0,True,1000
Occipital,alpha1,peak_height,TS->ESS1,TS → ESS1,61,-1.8865,-1.9066,0.1933,-2.3329,-1.5783,100.0,True,1000
Occipital,alpha1,peak_height,ESS1->LSS1,ESS1 → LSS1,61,-0.4841,-0.4951,0.1148,-0.7081,-0.264,100.0,True,1000
Occipital,alpha1,peak_height,WS->ESS1,WS → ESS1,61,-2.1484,-2.1868,0.2535,-2.7574,-1.7926,100.0,True,1000
Occipital,alpha1,peak_height,WS->LSS1,WS → LSS1,61,-2.3967,-2.4138,0.2757,-3.0372,-1.9776,100.0,True,1000
Occipital,alpha2,band_power,WS->TS,WS → TS,61,-0.8173,-0.8448,0.1537,-1.1676,-0.5842,100.0,True,1000
Occipital,alpha2,band_power,TS->ESS1,TS → ESS1,61,-1.4952,-1.5108,0.1441,-1.8223,-1.2706,100.0,True,1000
Occipital,alpha2,band_power,ESS1->LSS1,ESS1 → LSS1,61,0.0683,0.0704,0.1337,-0.19,0.3328,70.0,False,1000
Occipital,alpha2,band_power,WS->ESS1,WS → ESS1,61,-1.8347,-1.8629,0.1868,-2.2679,-1.5487,100.0,True,1000
Occipital,alpha2,band_power,WS->LSS1,WS → LSS1,61,-1.7288,-1.7507,0.1876,-2.1657,-1.448,100.0,True,1000
Occipital,alpha2,peak_height,WS->TS,WS → TS,61,-0.4513,-0.4522,0.1299,-0.7456,-0.2264,100.0,True,1000
Occipital,alpha2,peak_height,TS->ESS1,TS → ESS1,61,-1.3119,-1.327,0.1281,-1.6214,-1.1174,100.0,True,1000
Occipital,alpha2,peak_height,ESS1->LSS1,ESS1 → LSS1,61,-0.0435,-0.0634,0.149,-0.3739,0.1885,65.4,False,1000
Occipital,alpha2,peak_height,WS->ESS1,WS → ESS1,61,-1.4324,-1.4368,0.1261,-1.7239,-1.2204,100.0,True,1000
Occipital,alpha2,peak_height,WS->LSS1,WS → LSS1,61,-1.3583,-1.3626,0.1352,-1.673,-1.1356,100.0,True,1000
Occipital,beta1,band_power,WS->TS,WS → TS,61,-1.0041,-1.0154,0.1223,-1.2787,-0.8027,100.0,True,1000
Occipital,beta1,band_power,TS->ESS1,TS → ESS1,61,-0.5476,-0.5579,0.1483,-0.8515,-0.2895,100.0,True,1000
Occipital,beta1,band_power,ESS1->LSS1,ESS1 → LSS1,61,0.2635,0.2651,0.1309,0.0129,0.5086,97.7,True,1000
Occipital,beta1,band_power,WS->ESS1,WS → ESS1,61,-1.0914,-1.0991,0.1415,-1.4056,-0.8475,100.0,True,1000
Occipital,beta1,band_power,WS->LSS1,WS → LSS1,61,-0.8273,-0.8546,0.1901,-1.2893,-0.555,100.0,True,1000
Occipital,beta1,peak_height,WS->TS,WS → TS,61,-0.6018,-0.6099,0.1047,-0.8305,-0.4161,100.0,True,1000
Occipital,beta1,peak_height,TS->ESS1,TS → ESS1,61,0.2538,0.2646,0.1403,0.0111,0.556,98.0,True,1000
Occipital,beta1,peak_height,ESS1->LSS1,ESS1 → LSS1,61,0.3492,0.3566,0.1216,0.1342,0.5953,99.6,True,1000
Occipital,beta1,peak_height,WS->ESS1,WS → ESS1,61,-0.3358,-0.3302,0.1231,-0.5598,-0.0957,99.5,True,1000
Occipital,beta1,peak_height,WS->LSS1,WS → LSS1,61,-0.0385,-0.0417,0.1349,-0.2947,0.2328,63.4,False,1000
Occipital,beta2,band_power,WS->TS,WS → TS,61,-1.0135,-1.0465,0.1831,-1.4792,-0.7585,100.0,True,1000
Occipital,beta2,band_power,TS->ESS1,TS → ESS1,61,-1.0786,-1.11,0.2326,-1.6629,-0.7626,100.0,True,1000
Occipital,beta2,band_power,ESS1->LSS1,ESS1 → LSS1,61,-0.3802,-0.3856,0.1441,-0.6908,-0.1174,99.9,True,1000
Occipital,beta2,band_power,WS->ESS1,WS → ESS1,61,-1.4974,-1.518,0.2111,-1.9726,-1.1827,100.0,True,1000
Occipital,beta2,band_power,WS->LSS1,WS → LSS1,61,-1.8561,-1.8805,0.2103,-2.3447,-1.5547,100.0,True,1000
Occipital,beta2,peak_height,WS->TS,WS → TS,61,-0.3854,-0.3874,0.1192,-0.6324,-0.1588,99.9,True,1000
Occipital,beta2,peak_height,TS->ESS1,TS → ESS1,61,-0.5244,-0.549,0.1719,-0.8914,-0.2635,100.0,True,1000
Occipital,beta2,peak_height,ESS1->LSS1,ESS1 → LSS1,61,-0.0478,-0.0454,0.1399,-0.3411,0.2265,63.4,False,1000
Occipital,beta2,peak_height,WS->ESS1,WS → ESS1,61,-0.7752,-0.7808,0.1326,-1.0585,-0.5444,100.0,True,1000
Occipital,beta2,peak_height,WS->LSS1,WS → LSS1,61,-0.7357,-0.7435,0.1207,-1.0089,-0.5202,100.0,True,1000
Occipital,beta3,band_power,WS->TS,WS → TS,61,-0.4987,-0.5147,0.1608,-0.8591,-0.2358,100.0,True,1000
Occipital,beta3,band_power,TS->ESS1,TS → ESS1,61,-0.6388,-0.6549,0.1267,-0.9236,-0.4357,100.0,True,1000
Occipital,beta3,band_power,ESS1->LSS1,ESS1 → LSS1,61,-0.6225,-0.632,0.1318,-0.9079,-0.3981,100.0,True,1000
Occipital,beta3,band_power,WS->ESS1,WS → ESS1,61,-0.9118,-0.9515,0.188,-1.3983,-0.6549,100.0,True,1000
Occipital,beta3,band_power,WS->LSS1,WS → LSS1,61,-1.3299,-1.353,0.1966,-1.8313,-1.0596,100.0,True,1000
Occipital,beta3,peak_height,WS->TS,WS → TS,61,0.3014,0.3016,0.1117,0.0687,0.5161,99.4,True,1000
Occipital,beta3,peak_height,TS->ESS1,TS → ESS1,61,0.3808,0.3855,0.1448,0.1184,0.6911,100.0,True,1000
Occipital,beta3,peak_height,ESS1->LSS1,ESS1 → LSS1,61,-0.2454,-0.2585,0.153,-0.59,0.0124,96.6,True,1000
Occipital,beta3,peak_height,WS->ESS1,WS → ESS1,61,0.6108,0.6295,0.1809,0.3279,1.0389,100.0,True,1000
Occipital,beta3,peak_height,WS->LSS1,WS → LSS1,61,0.3596,0.3663,0.1523,0.1033,0.6761,99.8,True,1000
R_DLPFC,delta,band_power,WS->TS,WS → TS,61,-0.3886,-0.4044,0.1339,-0.6595,-0.1699,99.9,True,1000
R_DLPFC,delta,band_power,TS->ESS1,TS → ESS1,61,0.6001,0.6097,0.1604,0.328,0.9705,100.0,True,1000
R_DLPFC,delta,band_power,ESS1->LSS1,ESS1 → LSS1,61,1.5777,1.5872,0.1875,1.2851,1.9924,100.0,True,1000
R_DLPFC,delta,band_power,WS->ESS1,WS → ESS1,61,0.072,0.0894,0.1489,-0.17,0.435,72.8,False,1000
R_DLPFC,delta,band_power,WS->LSS1,WS → LSS1,61,1.16,1.1999,0.2459,0.8203,1.8039,100.0,True,1000
R_DLPFC,delta,peak_height,WS->TS,WS → TS,61,0.131,0.1403,0.1397,-0.1132,0.4411,85.0,False,1000
R_DLPFC,delta,peak_height,TS->ESS1,TS → ESS1,61,1.0642,1.0697,0.1841,0.7706,1.4789,100.0,True,1000
R_DLPFC,delta,peak_height,ESS1->LSS1,ESS1 → LSS1,61,0.5996,0.6071,0.1183,0.3827,0.8372,100.0,True,1000
R_DLPFC,delta,peak_height,WS->ESS1,WS → ESS1,61,0.8491,0.8613,0.1806,0.5686,1.2614,100.0,True,1000
R_DLPFC,delta,peak_height,WS->LSS1,WS → LSS1,61,1.2714,1.3252,0.2907,0.9017,1.984,100.0,True,1000
R_DLPFC,theta,band_power,WS->TS,WS → TS,61,0.1945,0.192,0.1292,-0.0577,0.4588,93.1,True,1000
R_DLPFC,theta,band_power,TS->ESS1,TS → ESS1,61,0.6447,0.6484,0.1294,0.4154,0.9201,100.0,True,1000
R_DLPFC,theta,band_power,ESS1->LSS1,ESS1 → LSS1,61,1.4745,1.4969,0.1932,1.1879,1.9455,100.0,True,1000
R_DLPFC,theta,band_power,WS->ESS1,WS → ESS1,61,0.5736,0.577,0.1276,0.35,0.8561,100.0,True,1000
R_DLPFC,theta,band_power,WS->LSS1,WS → LSS1,61,1.5803,1.6067,0.1586,1.3357,1.9623,100.0,True,1000
R_DLPFC,theta,peak_height,WS->TS,WS → TS,61,0.3392,0.3457,0.1488,0.0783,0.6515,99.7,True,1000
R_DLPFC,theta,peak_height,TS->ESS1,TS → ESS1,61,0.4475,0.4565,0.1614,0.191,0.8142,100.0,True,1000
R_DLPFC,theta,peak_height,ESS1->LSS1,ESS1 → LSS1,61,0.6437,0.6403,0.1329,0.4101,0.9425,100.0,True,1000
R_DLPFC,theta,peak_height,WS->ESS1,WS → ESS1,61,0.6354,0.6471,0.1592,0.369,0.9843,100.0,True,1000
R_DLPFC,theta,peak_height,WS->LSS1,WS → LSS1,61,1.0844,1.112,0.1692,0.8356,1.483,100.0,True,1000
R_DLPFC,alpha1,band_power,WS->TS,WS → TS,61,-1.3901,-1.4068,0.1642,-1.7563,-1.124,100.0,True,1000
R_DLPFC,alpha1,band_power,TS->ESS1,TS → ESS1,61,-1.8147,-1.826,0.1594,-2.1742,-1.549,100.0,True,1000
R_DLPFC,alpha1,band_power,ESS1->LSS1,ESS1 → LSS1,61,0.3682,0.3844,0.1596,0.1211,0.748,99.6,True,1000
R_DLPFC,alpha1,band_power,WS->ESS1,WS → ESS1,61,-2.4895,-2.5195,0.31,-3.2555,-2.0498,100.0,True,1000
R_DLPFC,alpha1,band_power,WS->LSS1,WS → LSS1,61,-2.2278,-2.2479,0.2671,-2.8919,-1.8237,100.0,True,1000
R_DLPFC,alpha1,peak_height,WS->TS,WS → TS,61,-0.8668,-0.8755,0.1278,-1.1518,-0.6533,100.0,True,1000
R_DLPFC,alpha1,peak_height,TS->ESS1,TS → ESS1,61,-2.1873,-2.2246,0.2496,-2.7718,-1.8363,100.0,True,1000
R_DLPFC,alpha1,peak_height,ESS1->LSS1,ESS1 → LSS1,61,-0.5761,-0.5823,0.1194,-0.844,-0.3617,100.0,True,1000
R_DLPFC,alpha1,peak_height,WS->ESS1,WS → ESS1,61,-2.5744,-2.5871,0.3296,-3.3038,-2.1024,100.0,True,1000
R_DLPFC,alpha1,peak_height,WS->LSS1,WS → LSS1,61,-2.834,-2.8905,0.3449,-3.6583,-2.3803,100.0,True,1000
R_DLPFC,alpha2,band_power,WS->TS,WS → TS,61,-0.9058,-0.9215,0.1556,-1.2592,-0.6573,100.0,True,1000
R_DLPFC,alpha2,band_power,TS->ESS1,TS → ESS1,61,-2.0525,-2.0739,0.1946,-2.5119,-1.7481,100.0,True,1000
R_DLPFC,alpha2,band_power,ESS1->LSS1,ESS1 → LSS1,61,0.227,0.2337,0.1461,-0.0332,0.5416,96.0,True,1000
R_DLPFC,alpha2,band_power,WS->ESS1,WS → ESS1,61,-2.3403,-2.3556,0.2063,-2.809,-2.0085,100.0,True,1000
R_DLPFC,alpha2,band_power,WS->LSS1,WS → LSS1,61,-2.306,-2.3314,0.2166,-2.8006,-1.977,100.0,True,1000
R_DLPFC,alpha2,peak_height,WS->TS,WS → TS,61,-0.4307,-0.4377,0.1337,-0.7123,-0.1812,99.9,True,1000
R_DLPFC,alpha2,peak_height,TS->ESS1,TS → ESS1,61,-1.978,-1.9986,0.1727,-2.3711,-1.7089,100.0,True,1000
R_DLPFC,alpha2,peak_height,ESS1->LSS1,ESS1 → LSS1,61,-0.3934,-0.4093,0.1643,-0.7745,-0.1276,99.9,True,1000
R_DLPFC,alpha2,peak_height,WS->ESS1,WS → ESS1,61,-2.1793,-2.1994,0.1945,-2.6374,-1.8687,100.0,True,1000
R_DLPFC,alpha2,peak_height,WS->LSS1,WS → LSS1,61,-2.2338,-2.2673,0.233,-2.7776,-1.8909,100.0,True,1000
R_DLPFC,beta1,band_power,WS->TS,WS → TS,61,-1.0841,-1.1054,0.1851,-1.5099,-0.7963,100.0,True,1000
R_DLPFC,beta1,band_power,TS->ESS1,TS → ESS1,61,-0.721,-0.7251,0.1461,-1.0202,-0.4611,100.0,True,1000
R_DLPFC,beta1,band_power,ESS1->LSS1,ESS1 → LSS1,61,0.7316,0.7456,0.1565,0.473,1.0676,100.0,True,1000
R_DLPFC,beta1,band_power,WS->ESS1,WS → ESS1,61,-1.2676,-1.2636,0.1407,-1.547,-1.0179,100.0,True,1000
R_DLPFC,beta1,band_power,WS->LSS1,WS → LSS1,61,-0.5041,-0.5087,0.1528,-0.828,-0.2338,100.0,True,1000
R_DLPFC,beta1,peak_height,WS->TS,WS → TS,61,-0.5092,-0.5112,0.1372,-0.8073,-0.2631,100.0,True,1000
R_DLPFC,beta1,peak_height,TS->ESS1,TS → ESS1,61,-0.2543,-0.2525,0.1205,-0.4855,-0.0142,98.1,True,1000
R_DLPFC,beta1,peak_height,ESS1->LSS1,ESS1 → LSS1,61,0.5095,0.5117,0.1105,0.2982,0.7472,100.0,True,1000
R_DLPFC,beta1,peak_height,WS->ESS1,WS → ESS1,61,-0.566,-0.5724,0.1212,-0.8191,-0.3462,100.0,True,1000
R_DLPFC,beta1,peak_height,WS->LSS1,WS → LSS1,61,-0.1098,-0.1102,0.1347,-0.3815,0.1435,79.4,False,1000
R_DLPFC,beta2,band_power,WS->TS,WS → TS,61,-1.4787,-1.5057,0.188,-1.933,-1.2051,100.0,True,1000
R_DLPFC,beta2,band_power,TS->ESS1,TS → ESS1,61,-1.3787,-1.3998,0.1999,-1.8535,-1.0746,100.0,True,1000
R_DLPFC,beta2,band_power,ESS1->LSS1,ESS1 → LSS1,61,-0.0894,-0.0932,0.1354,-0.3704,0.1799,76.3,False,1000
R_DLPFC,beta2,band_power,WS->ESS1,WS → ESS1,61,-2.0028,-2.0226,0.2045,-2.4711,-1.6776,100.0,True,1000
R_DLPFC,beta2,band_power,WS->LSS1,WS → LSS1,61,-2.2723,-2.2959,0.2274,-2.7754,-1.9259,100.0,True,1000
R_DLPFC,beta2,peak_height,WS->TS,WS → TS,61,-0.7159,-0.7302,0.15,-1.0646,-0.4677,100.0,True,1000
R_DLPFC,beta2,peak_height,TS->ESS1,TS → ESS1,61,-0.6914,-0.695,0.1207,-0.9459,-0.4777,100.0,True,1000
R_DLPFC,beta2,peak_height,ESS1->LSS1,ESS1 → LSS1,61,-0.1271,-0.1353,0.1392,-0.4176,0.1271,82.8,False,1000
R_DLPFC,beta2,peak_height,WS->ESS1,WS → ESS1,61,-1.0735,-1.0846,0.1518,-1.4326,-0.8116,100.0,True,1000
R_DLPFC,beta2,peak_height,WS->LSS1,WS → LSS1,61,-1.1438,-1.1561,0.1423,-1.4663,-0.9009,100.0,True,1000
R_DLPFC,beta3,band_power,WS->TS,WS → TS,61,-0.3462,-0.371,0.1759,-0.7601,-0.0933,99.8,True,1000
R_DLPFC,beta3,band_power,TS->ESS1,TS → ESS1,61,-0.4761,-0.491,0.1295,-0.7599,-0.2577,100.0,True,1000
R_DLPFC,beta3,band_power,ESS1->LSS1,ESS1 → LSS1,61,-0.7063,-0.7079,0.1167,-0.9368,-0.4979,100.0,True,1000
R_DLPFC,beta3,band_power,WS->ESS1,WS → ESS1,61,-0.703,-0.7222,0.1647,-1.0836,-0.4252,100.0,True,1000
R_DLPFC,beta3,band_power,WS->LSS1,WS → LSS1,61,-1.62,-1.6312,0.2051,-2.0712,-1.3039,100.0,True,1000
R_DLPFC,beta3,peak_height,WS->TS,WS → TS,61,0.1064,0.1067,0.1373,-0.1544,0.3704,77.8,False,1000
R_DLPFC,beta3,peak_height,TS->ESS1,TS → ESS1,61,0.3509,0.3649,0.1464,0.0975,0.6653,99.5,True,1000
R_DLPFC,beta3,peak_height,ESS1->LSS1,ESS1 → LSS1,61,-0.5102,-0.5212,0.1574,-0.865,-0.2592,100.0,True,1000
R_DLPFC,beta3,peak_height,WS->ESS1,WS → ESS1,61,0.4088,0.4159,0.1476,0.1583,0.7427,100.0,True,1000
R_DLPFC,beta3,peak_height,WS->LSS1,WS → LSS1,61,0.0635,0.0652,0.1374,-0.1835,0.3625,67.3,False,1000
R_STG,delta,band_power,WS->TS,WS → TS,61,-0.3207,-0.338,0.1381,-0.5864,-0.0723,99.8,True,1000
R_STG,delta,band_power,TS->ESS1,TS → ESS1,61,0.7417,0.7562,0.1644,0.481,1.1142,100.0,True,1000
R_STG,delta,band_power,ESS1->LSS1,ESS1 → LSS1,61,1.6194,1.64,0.1829,1.3295,2.0589,100.0,True,1000
R_STG,delta,band_power,WS->ESS1,WS → ESS1,61,0.2557,0.2718,0.1432,-0.0002,0.5827,97.4,True,1000
R_STG,delta,band_power,WS->LSS1,WS → LSS1,61,1.5198,1.5439,0.2126,1.2081,2.0306,100.0,True,1000
R_STG,delta,peak_height,WS->TS,WS → TS,61,0.2302,0.2271,0.1439,-0.0143,0.548,96.2,True,1000
R_STG,delta,peak_height,TS->ESS1,TS → ESS1,61,0.9357,0.939,0.1722,0.6609,1.3398,100.0,True,1000
R_STG,delta,peak_height,ESS1->LSS1,ESS1 → LSS1,61,0.6274,0.6308,0.1108,0.4252,0.8576,100.0,True,1000
R_STG,delta,peak_height,WS->ESS1,WS → ESS1,61,0.8957,0.9119,0.1899,0.6191,1.3622,100.0,True,1000
R_STG,delta,peak_height,WS->LSS1,WS → LSS1,61,1.3445,1.375,0.2085,1.0494,1.8605,100.0,True,1000
R_STG,theta,band_power,WS->TS,WS → TS,61,0.2693,0.2749,0.1282,0.0327,0.5397,98.4,True,1000
R_STG,theta,band_power,TS->ESS1,TS → ESS1,61,0.7014,0.7091,0.1253,0.4902,0.9922,100.0,True,1000
R_STG,theta,band_power,ESS1->LSS1,ESS1 → LSS1,61,1.4578,1.4647,0.1704,1.1831,1.8506,100.0,True,1000
R_STG,theta,band_power,WS->ESS1,WS → ESS1,61,0.6466,0.6476,0.1273,0.4041,0.9117,100.0,True,1000
R_STG,theta,band_power,WS->LSS1,WS → LSS1,61,1.7014,1.7344,0.1947,1.4082,2.197,100.0,True,1000
R_STG,theta,peak_height,WS->TS,WS → TS,61,0.2951,0.2986,0.1417,0.0355,0.6002,98.9,True,1000
R_STG,theta,peak_height,TS->ESS1,TS → ESS1,61,0.4482,0.4642,0.1612,0.2008,0.8349,100.0,True,1000
R_STG,theta,peak_height,ESS1->LSS1,ESS1 → LSS1,61,0.7315,0.7391,0.134,0.4953,1.0016,100.0,True,1000
R_STG,theta,peak_height,WS->ESS1,WS → ESS1,61,0.5997,0.6071,0.1544,0.3307,0.939,100.0,True,1000
R_STG,theta,peak_height,WS->LSS1,WS → LSS1,61,1.0977,1.1137,0.1506,0.8406,1.4355,100.0,True,1000
R_STG,alpha1,band_power,WS->TS,WS → TS,61,-1.4005,-1.4152,0.166,-1.7548,-1.127,100.0,True,1000
R_STG,alpha1,band_power,TS->ESS1,TS → ESS1,61,-1.6698,-1.6812,0.1473,-2.0172,-1.4285,100.0,True,1000
R_STG,alpha1,band_power,ESS1->LSS1,ESS1 → LSS1,61,0.3688,0.3769,0.166,0.1029,0.7428,99.8,True,1000
R_STG,alpha1,band_power,WS->ESS1,WS → ESS1,61,-2.3688,-2.3989,0.2764,-3.0268,-1.9696,100.0,True,1000
R_STG,alpha1,band_power,WS->LSS1,WS → LSS1,61,-2.1105,-2.1286,0.2303,-2.6576,-1.7766,100.0,True,1000
R_STG,alpha1,peak_height,WS->TS,WS → TS,61,-0.9915,-0.998,0.1478,-1.3115,-0.7469,100.0,True,1000
R_STG,alpha1,peak_height,TS->ESS1,TS → ESS1,61,-2.1657,-2.1923,0.2168,-2.6628,-1.8451,100.0,True,1000
R_STG,alpha1,peak_height,ESS1->LSS1,ESS1 → LSS1,61,-0.5882,-0.6047,0.1112,-0.8439,-0.4105,100.0,True,1000
R_STG,alpha1,peak_height,WS->ESS1,WS → ESS1,61,-2.667,-2.7199,0.3492,-3.4895,-2.1825,100.0,True,1000
R_STG,alpha1,peak_height,WS->LSS1,WS → LSS1,61,-2.9494,-2.9988,0.384,-3.8477,-2.4205,100.0,True,1000
R_STG,alpha2,band_power,WS->TS,WS → TS,61,-0.8533,-0.8666,0.148,-1.2111,-0.6218,100.0,True,1000
R_STG,alpha2,band_power,TS->ESS1,TS → ESS1,61,-1.8814,-1.8927,0.1851,-2.3101,-1.5945,100.0,True,1000
R_STG,alpha2,band_power,ESS1->LSS1,ESS1 → LSS1,61,0.3512,0.355,0.1467,0.0795,0.6546,99.9,True,1000
R_STG,alpha2,band_power,WS->ESS1,WS → ESS1,61,-2.2061,-2.227,0.1972,-2.6722,-1.9084,100.0,True,1000
R_STG,alpha2,band_power,WS->LSS1,WS → LSS1,61,-2.1294,-2.1492,0.1994,-2.5992,-1.8245,100.0,True,1000
R_STG,alpha2,peak_height,WS->TS,WS → TS,61,-0.4042,-0.3984,0.1248,-0.6445,-0.1531,100.0,True,1000
R_STG,alpha2,peak_height,TS->ESS1,TS → ESS1,61,-1.9074,-1.9123,0.1672,-2.2932,-1.624,100.0,True,1000
R_STG,alpha2,peak_height,ESS1->LSS1,ESS1 → LSS1,61,-0.3551,-0.3726,0.1589,-0.7313,-0.0898,99.9,True,1000
R_STG,alpha2,peak_height,WS->ESS1,WS → ESS1,61,-2.0008,-2.0274,0.1858,-2.4331,-1.7106,100.0,True,1000
R_STG,alpha2,peak_height,WS->LSS1,WS → LSS1,61,-2.0596,-2.0826,0.1895,-2.5081,-1.7791,100.0,True,1000
R_STG,beta1,band_power,WS->TS,WS → TS,61,-1.0465,-1.0578,0.1718,-1.4545,-0.7765,100.0,True,1000
R_STG,beta1,band_power,TS->ESS1,TS → ESS1,61,-0.5411,-0.5471,0.138,-0.8398,-0.2972,100.0,True,1000
R_STG,beta1,band_power,ESS1->LSS1,ESS1 → LSS1,61,0.8491,0.8599,0.1616,0.5932,1.1994,100.0,True,1000
R_STG,beta1,band_power,WS->ESS1,WS → ESS1,61,-1.1066,-1.1123,0.1396,-1.4067,-0.8734,100.0,True,1000
R_STG,beta1,band_power,WS->LSS1,WS → LSS1,61,-0.2182,-0.2203,0.1369,-0.5016,0.047,95.3,True,1000
R_STG,beta1,peak_height,WS->TS,WS → TS,61,-0.549,-0.5515,0.1283,-0.8172,-0.3179,100.0,True,1000
R_STG,beta1,peak_height,TS->ESS1,TS → ESS1,61,-0.0264,-0.0204,0.1362,-0.291,0.243,55.9,False,1000
R_STG,beta1,peak_height,ESS1->LSS1,ESS1 → LSS1,61,0.5985,0.5957,0.1073,0.3778,0.8042,100.0,True,1000
R_STG,beta1,peak_height,WS->ESS1,WS → ESS1,61,-0.5081,-0.5097,0.1292,-0.7716,-0.2772,100.0,True,1000
R_STG,beta1,peak_height,WS->LSS1,WS → LSS1,61,0.0527,0.0494,0.1338,-0.2273,0.3127,64.3,False,1000
R_STG,beta2,band_power,WS->TS,WS → TS,61,-1.363,-1.4019,0.1751,-1.7817,-1.1057,100.0,True,1000
R_STG,beta2,band_power,TS->ESS1,TS → ESS1,61,-1.2916,-1.3133,0.1896,-1.715,-1.0091,100.0,True,1000
R_STG,beta2,band_power,ESS1->LSS1,ESS1 → LSS1,61,-0.0541,-0.0587,0.1355,-0.3147,0.2097,67.3,False,1000
R_STG,beta2,band_power,WS->ESS1,WS → ESS1,61,-1.8565,-1.8814,0.2042,-2.3069,-1.5339,100.0,True,1000
R_STG,beta2,band_power,WS->LSS1,WS → LSS1,61,-2.0764,-2.1086,0.2255,-2.6271,-1.747,100.0,True,1000
R_STG,beta2,peak_height,WS->TS,WS → TS,61,-0.7673,-0.7794,0.1394,-1.0794,-0.5275,100.0,True,1000
R_STG,beta2,peak_height,TS->ESS1,TS → ESS1,61,-0.7114,-0.7169,0.1378,-0.9936,-0.4652,100.0,True,1000
R_STG,beta2,peak_height,ESS1->LSS1,ESS1 → LSS1,61,-0.1375,-0.1533,0.1424,-0.4543,0.0993,87.1,False,1000
R_STG,beta2,peak_height,WS->ESS1,WS → ESS1,61,-1.1576,-1.1679,0.154,-1.5019,-0.9098,100.0,True,1000
R_STG,beta2,peak_height,WS->LSS1,WS → LSS1,61,-1.1738,-1.1838,0.1295,-1.4618,-0.9558,100.0,True,1000
R_STG,beta3,band_power,WS->TS,WS → TS,61,-0.2987,-0.3067,0.1441,-0.6384,-0.0584,99.3,True,1000
R_STG,beta3,band_power,TS->ESS1,TS → ESS1,61,-0.4356,-0.446,0.1267,-0.7112,-0.2226,100.0,True,1000
R_STG,beta3,band_power,ESS1->LSS1,ESS1 → LSS1,61,-0.7108,-0.709,0.1185,-0.951,-0.4815,100.0,True,1000
R_STG,beta3,band_power,WS->ESS1,WS → ESS1,61,-0.5721,-0.5761,0.1465,-0.9032,-0.3208,100.0,True,1000
R_STG,beta3,band_power,WS->LSS1,WS → LSS1,61,-1.4654,-1.483,0.2037,-1.9403,-1.1476,100.0,True,1000
R_STG,beta3,peak_height,WS->TS,WS → TS,61,0.1789,0.183,0.1494,-0.0758,0.492,89.4,False,1000
R_STG,beta3,peak_height,TS->ESS1,TS → ESS1,61,0.4896,0.5079,0.1603,0.2437,0.8674,100.0,True,1000
R_STG,beta3,peak_height,ESS1->LSS1,ESS1 → LSS1,61,-0.6364,-0.6504,0.165,-0.9987,-0.3759,100.0,True,1000
R_STG,beta3,peak_height,WS->ESS1,WS → ESS1,61,0.5416,0.5496,0.1538,0.281,0.8882,100.0,True,1000
R_STG,beta3,peak_height,WS->LSS1,WS → LSS1,61,0.0819,0.0891,0.1363,-0.1488,0.3719,73.3,False,1000
SPG,delta,band_power,WS->TS,WS → TS,61,-0.3756,-0.3858,0.1377,-0.6335,-0.1389,100.0,True,1000
SPG,delta,band_power,TS->ESS1,TS → ESS1,61,0.6509,0.6721,0.1652,0.3773,1.0161,100.0,True,1000
SPG,delta,band_power,ESS1->LSS1,ESS1 → LSS1,61,1.5145,1.5448,0.2075,1.2009,2.0129,100.0,True,1000
SPG,delta,band_power,WS->ESS1,WS → ESS1,61,0.0924,0.1002,0.1345,-0.1451,0.3945,76.6,False,1000
SPG,delta,band_power,WS->LSS1,WS → LSS1,61,1.2826,1.3125,0.2565,0.9236,1.9364,100.0,True,1000
SPG,delta,peak_height,WS->TS,WS → TS,61,0.0446,0.0548,0.1378,-0.2032,0.3456,65.5,False,1000
SPG,delta,peak_height,TS->ESS1,TS → ESS1,61,0.9813,0.9956,0.1703,0.7072,1.3809,100.0,True,1000
SPG,delta,peak_height,ESS1->LSS1,ESS1 → LSS1,61,0.4372,0.437,0.1192,0.2026,0.6648,100.0,True,1000
SPG,delta,peak_height,WS->ESS1,WS → ESS1,61,0.7148,0.7312,0.1782,0.435,1.1473,100.0,True,1000
SPG,delta,peak_height,WS->LSS1,WS → LSS1,61,0.9602,0.9746,0.1792,0.6785,1.377,100.0,True,1000
SPG,theta,band_power,WS->TS,WS → TS,61,0.1341,0.1379,0.1338,-0.1308,0.4002,85.7,False,1000
SPG,theta,band_power,TS->ESS1,TS → ESS1,61,0.5461,0.5518,0.1434,0.3048,0.8532,100.0,True,1000
SPG,theta,band_power,ESS1->LSS1,ESS1 → LSS1,61,1.4831,1.4987,0.2046,1.1779,1.9727,100.0,True,1000
SPG,theta,band_power,WS->ESS1,WS → ESS1,61,0.4763,0.4826,0.1326,0.2332,0.7643,99.9,True,1000
SPG,theta,band_power,WS->LSS1,WS → LSS1,61,1.498,1.5183,0.1729,1.251,1.9324,100.0,True,1000
SPG,theta,peak_height,WS->TS,WS → TS,61,0.2125,0.2064,0.1277,-0.0422,0.4561,94.5,True,1000
SPG,theta,peak_height,TS->ESS1,TS → ESS1,61,0.2765,0.2964,0.1661,0.0212,0.6541,98.4,True,1000
SPG,theta,peak_height,ESS1->LSS1,ESS1 → LSS1,61,0.513,0.5125,0.1365,0.2632,0.8126,100.0,True,1000
SPG,theta,peak_height,WS->ESS1,WS → ESS1,61,0.4252,0.4296,0.1367,0.1638,0.705,100.0,True,1000
SPG,theta,peak_height,WS->LSS1,WS → LSS1,61,0.787,0.7866,0.1361,0.5549,1.074,100.0,True,1000
SPG,alpha1,band_power,WS->TS,WS → TS,61,-1.237,-1.2512,0.1636,-1.6217,-0.9676,100.0,True,1000
SPG,alpha1,band_power,TS->ESS1,TS → ESS1,61,-1.6232,-1.6387,0.1555,-1.9501,-1.3757,100.0,True,1000
SPG,alpha1,band_power,ESS1->LSS1,ESS1 → LSS1,61,0.2792,0.2998,0.1609,0.0228,0.6553,98.4,True,1000
SPG,alpha1,band_power,WS->ESS1,WS → ESS1,61,-2.2671,-2.2869,0.234,-2.8254,-1.9196,100.0,True,1000
SPG,alpha1,band_power,WS->LSS1,WS → LSS1,61,-2.0771,-2.1242,0.2322,-2.6508,-1.7538,100.0,True,1000
SPG,alpha1,peak_height,WS->TS,WS → TS,61,-0.8221,-0.8301,0.151,-1.1573,-0.5686,100.0,True,1000
SPG,alpha1,peak_height,TS->ESS1,TS → ESS1,61,-1.9009,-1.9313,0.2185,-2.4006,-1.5677,100.0,True,1000
SPG,alpha1,peak_height,ESS1->LSS1,ESS1 → LSS1,61,-0.4954,-0.495,0.1076,-0.7156,-0.2785,100.0,True,1000
SPG,alpha1,peak_height,WS->ESS1,WS → ESS1,61,-2.3252,-2.3686,0.307,-3.0728,-1.928,100.0,True,1000
SPG,alpha1,peak_height,WS->LSS1,WS → LSS1,61,-2.6448,-2.6872,0.309,-3.3648,-2.2113,100.0,True,1000
SPG,alpha2,band_power,WS->TS,WS → TS,61,-0.8183,-0.8309,0.1377,-1.1139,-0.5716,100.0,True,1000
SPG,alpha2,band_power,TS->ESS1,TS → ESS1,61,-1.5489,-1.5594,0.136,-1.8669,-1.3161,100.0,True,1000
SPG,alpha2,band_power,ESS1->LSS1,ESS1 → LSS1,61,0.2406,0.2399,0.1282,0.0013,0.4943,97.5,True,1000
SPG,alpha2,band_power,WS->ESS1,WS → ESS1,61,-1.874,-1.8933,0.1829,-2.2796,-1.5929,100.0,True,1000
SPG,alpha2,band_power,WS->LSS1,WS → LSS1,61,-1.7488,-1.7624,0.1959,-2.1802,-1.4638,100.0,True,1000
SPG,alpha2,peak_height,WS->TS,WS → TS,61,-0.4811,-0.4833,0.1195,-0.717,-0.2515,100.0,True,1000
SPG,alpha2,peak_height,TS->ESS1,TS → ESS1,61,-1.4723,-1.4782,0.1415,-1.7836,-1.229,100.0,True,1000
SPG,alpha2,peak_height,ESS1->LSS1,ESS1 → LSS1,61,-0.196,-0.2003,0.1523,-0.5722,0.0493,93.0,True,1000
SPG,alpha2,peak_height,WS->ESS1,WS → ESS1,61,-1.5489,-1.5633,0.1458,-1.8746,-1.3221,100.0,True,1000
SPG,alpha2,peak_height,WS->LSS1,WS → LSS1,61,-1.5269,-1.5335,0.1359,-1.8379,-1.2961,100.0,True,1000
SPG,beta1,band_power,WS->TS,WS → TS,61,-0.8587,-0.8759,0.1519,-1.2017,-0.6159,100.0,True,1000
SPG,beta1,band_power,TS->ESS1,TS → ESS1,61,-0.5172,-0.5221,0.1455,-0.8238,-0.2501,100.0,True,1000
SPG,beta1,band_power,ESS1->LSS1,ESS1 → LSS1,61,0.5285,0.5295,0.1554,0.275,0.8895,100.0,True,1000
SPG,beta1,band_power,WS->ESS1,WS → ESS1,61,-1.0062,-1.014,0.143,-1.3044,-0.7727,100.0,True,1000
SPG,beta1,band_power,WS->LSS1,WS → LSS1,61,-0.4503,-0.4795,0.1819,-0.9039,-0.1927,100.0,True,1000
SPG,beta1,peak_height,WS->TS,WS → TS,61,-0.6248,-0.6324,0.1205,-0.8803,-0.4178,100.0,True,1000
SPG,beta1,peak_height,TS->ESS1,TS → ESS1,61,0.128,0.1289,0.1404,-0.1315,0.4167,81.2,False,1000
SPG,beta1,peak_height,ESS1->LSS1,ESS1 → LSS1,61,0.4168,0.4156,0.1142,0.1852,0.6239,100.0,True,1000
SPG,beta1,peak_height,WS->ESS1,WS → ESS1,61,-0.4552,-0.455,0.1328,-0.7292,-0.212,99.9,True,1000
SPG,beta1,peak_height,WS->LSS1,WS → LSS1,61,-0.0868,-0.0933,0.1328,-0.3537,0.158,76.6,False,1000
SPG,beta2,band_power,WS->TS,WS → TS,61,-1.0857,-1.1024,0.1686,-1.5025,-0.8334,100.0,True,1000
SPG,beta2,band_power,TS->ESS1,TS → ESS1,61,-1.0856,-1.1191,0.2181,-1.6269,-0.8044,100.0,True,1000
SPG,beta2,band_power,ESS1->LSS1,ESS1 → LSS1,61,-0.2749,-0.2763,0.138,-0.5594,-0.0135,98.2,True,1000
SPG,beta2,band_power,WS->ESS1,WS → ESS1,61,-1.5161,-1.5438,0.2452,-2.0607,-1.1822,100.0,True,1000
SPG,beta2,band_power,WS->LSS1,WS → LSS1,61,-1.9726,-2.0083,0.2264,-2.4978,-1.6528,100.0,True,1000
SPG,beta2,peak_height,WS->TS,WS → TS,61,-0.5339,-0.5451,0.1292,-0.7952,-0.3047,100.0,True,1000
SPG,beta2,peak_height,TS->ESS1,TS → ESS1,61,-0.5153,-0.5271,0.1439,-0.8252,-0.2712,100.0,True,1000
SPG,beta2,peak_height,ESS1->LSS1,ESS1 → LSS1,61,-0.0529,-0.0601,0.1401,-0.3361,0.2111,67.3,False,1000
SPG,beta2,peak_height,WS->ESS1,WS → ESS1,61,-0.8609,-0.8677,0.152,-1.208,-0.6046,100.0,True,1000
SPG,beta2,peak_height,WS->LSS1,WS → LSS1,61,-0.8216,-0.8263,0.1411,-1.1427,-0.5818,100.0,True,1000
SPG,beta3,band_power,WS->TS,WS → TS,61,-0.2146,-0.2234,0.1436,-0.5236,0.0429,95.2,True,1000
SPG,beta3,band_power,TS->ESS1,TS → ESS1,61,-0.4407,-0.4526,0.145,-0.7849,-0.1968,100.0,True,1000
SPG,beta3,band_power,ESS1->LSS1,ESS1 → LSS1,61,-0.7186,-0.7272,0.1192,-0.9742,-0.5088,100.0,True,1000
SPG,beta3,band_power,WS->ESS1,WS → ESS1,61,-0.5178,-0.5315,0.1706,-0.9007,-0.2465,100.0,True,1000
SPG,beta3,band_power,WS->LSS1,WS → LSS1,61,-1.3119,-1.3218,0.1979,-1.7575,-1.001,100.0,True,1000
SPG,beta3,peak_height,WS->TS,WS → TS,61,0.2036,0.2108,0.1378,-0.0463,0.4896,94.6,True,1000
SPG,beta3,peak_height,TS->ESS1,TS → ESS1,61,0.5004,0.5159,0.1553,0.2467,0.8492,100.0,True,1000
SPG,beta3,peak_height,ESS1->LSS1,ESS1 → LSS1,61,-0.3714,-0.3732,0.1274,-0.6299,-0.1151,99.9,True,1000
SPG,beta3,peak_height,WS->ESS1,WS → ESS1,61,0.6253,0.6477,0.1865,0.3457,1.0666,100.0,True,1000
SPG,beta3,peak_height,WS->LSS1,WS → LSS1,61,0.3005,0.3305,0.1809,0.0361,0.7611,99.0,True,1000
VmPFC,delta,band_power,WS->TS,WS → TS,61,-0.3954,-0.4112,0.1244,-0.642,-0.1797,99.9,True,1000
VmPFC,delta,band_power,TS->ESS1,TS → ESS1,61,0.5446,0.5561,0.1598,0.2728,0.8957,100.0,True,1000
VmPFC,delta,band_power,ESS1->LSS1,ESS1 → LSS1,61,1.4587,1.4861,0.1852,1.1732,1.9007,100.0,True,1000
VmPFC,delta,band_power,WS->ESS1,WS → ESS1,61,-0.0077,0.0048,0.1371,-0.2273,0.2969,52.4,False,1000
VmPFC,delta,band_power,WS->LSS1,WS → LSS1,61,1.0196,1.0639,0.2757,0.6588,1.6982,100.0,True,1000
VmPFC,delta,peak_height,WS->TS,WS → TS,61,-0.0222,-0.0106,0.1298,-0.2511,0.251,52.8,False,1000
VmPFC,delta,peak_height,TS->ESS1,TS → ESS1,61,0.8214,0.8396,0.1672,0.5514,1.1973,100.0,True,1000
VmPFC,delta,peak_height,ESS1->LSS1,ESS1 → LSS1,61,0.5283,0.5326,0.1122,0.3243,0.7606,100.0,True,1000
VmPFC,delta,peak_height,WS->ESS1,WS → ESS1,61,0.5456,0.5676,0.1684,0.2946,0.9186,100.0,True,1000
VmPFC,delta,peak_height,WS->LSS1,WS → LSS1,61,0.8784,0.9036,0.2071,0.5787,1.3539,100.0,True,1000
VmPFC,theta,band_power,WS->TS,WS → TS,61,0.0438,0.051,0.1321,-0.1938,0.3268,63.9,False,1000
VmPFC,theta,band_power,TS->ESS1,TS → ESS1,61,0.5416,0.5499,0.1453,0.2944,0.8578,100.0,True,1000
VmPFC,theta,band_power,ESS1->LSS1,ESS1 → LSS1,61,1.5724,1.6128,0.233,1.2832,2.155,100.0,True,1000
VmPFC,theta,band_power,WS->ESS1,WS → ESS1,61,0.4212,0.431,0.1415,0.1651,0.7442,100.0,True,1000
VmPFC,theta,band_power,WS->LSS1,WS → LSS1,61,1.4689,1.4893,0.1505,1.236,1.8143,100.0,True,1000
VmPFC,theta,peak_height,WS->TS,WS → TS,61,0.3243,0.3246,0.1315,0.0729,0.5761,99.7,True,1000
VmPFC,theta,peak_height,TS->ESS1,TS → ESS1,61,0.3411,0.3581,0.1589,0.0887,0.6976,99.7,True,1000
VmPFC,theta,peak_height,ESS1->LSS1,ESS1 → LSS1,61,0.5847,0.5934,0.1325,0.3547,0.8772,100.0,True,1000
VmPFC,theta,peak_height,WS->ESS1,WS → ESS1,61,0.5511,0.5699,0.1549,0.3071,0.9049,100.0,True,1000
VmPFC,theta,peak_height,WS->LSS1,WS → LSS1,61,0.9744,0.9852,0.1506,0.7389,1.3142,100.0,True,1000
VmPFC,alpha1,band_power,WS->TS,WS → TS,61,-1.3447,-1.364,0.158,-1.7325,-1.1072,100.0,True,1000
VmPFC,alpha1,band_power,TS->ESS1,TS → ESS1,61,-1.8476,-1.8552,0.1699,-2.2491,-1.5799,100.0,True,1000
VmPFC,alpha1,band_power,ESS1->LSS1,ESS1 → LSS1,61,0.0729,0.0747,0.137,-0.1759,0.3562,69.3,False,1000
VmPFC,alpha1,band_power,WS->ESS1,WS → ESS1,61,-2.6221,-2.6431,0.301,-3.296,-2.1573,100.0,True,1000
VmPFC,alpha1,band_power,WS->LSS1,WS → LSS1,61,-2.5441,-2.5642,0.2839,-3.2551,-2.1384,100.0,True,1000
VmPFC,alpha1,peak_height,WS->TS,WS → TS,61,-0.8885,-0.9062,0.1238,-1.1789,-0.6813,100.0,True,1000
VmPFC,alpha1,peak_height,TS->ESS1,TS → ESS1,61,-2.0713,-2.1018,0.1982,-2.5334,-1.7742,100.0,True,1000
VmPFC,alpha1,peak_height,ESS1->LSS1,ESS1 → LSS1,61,-0.6505,-0.656,0.111,-0.8861,-0.4555,100.0,True,1000
VmPFC,alpha1,peak_height,WS->ESS1,WS → ESS1,61,-2.7365,-2.7608,0.3131,-3.5075,-2.2898,100.0,True,1000
VmPFC,alpha1,peak_height,WS->LSS1,WS → LSS1,61,-2.9644,-3.0009,0.3161,-3.7538,-2.4972,100.0,True,1000
VmPFC,alpha2,band_power,WS->TS,WS → TS,61,-0.8766,-0.8908,0.1418,-1.1887,-0.6392,100.0,True,1000
VmPFC,alpha2,band_power,TS->ESS1,TS → ESS1,61,-2.0745,-2.0928,0.1979,-2.5245,-1.7465,100.0,True,1000
VmPFC,alpha2,band_power,ESS1->LSS1,ESS1 → LSS1,61,0.0536,0.0609,0.1351,-0.1999,0.3347,67.0,False,1000
VmPFC,alpha2,band_power,WS->ESS1,WS → ESS1,61,-2.2417,-2.2704,0.2123,-2.7323,-1.9181,100.0,True,1000
VmPFC,alpha2,band_power,WS->LSS1,WS → LSS1,61,-2.1741,-2.1954,0.1988,-2.6216,-1.8669,100.0,True,1000
VmPFC,alpha2,peak_height,WS->TS,WS → TS,61,-0.3458,-0.3516,0.1275,-0.6114,-0.0993,99.7,True,1000
VmPFC,alpha2,peak_height,TS->ESS1,TS → ESS1,61,-1.9184,-1.9283,0.1785,-2.3376,-1.6434,100.0,True,1000
VmPFC,alpha2,peak_height,ESS1->LSS1,ESS1 → LSS1,61,-0.3164,-0.3347,0.1628,-0.7019,-0.0728,99.7,True,1000
VmPFC,alpha2,peak_height,WS->ESS1,WS → ESS1,61,-1.9455,-1.9608,0.1745,-2.3709,-1.6722,100.0,True,1000
VmPFC,alpha2,peak_height,WS->LSS1,WS → LSS1,61,-1.828,-1.846,0.1653,-2.2115,-1.5574,100.0,True,1000
VmPFC,beta1,band_power,WS->TS,WS → TS,61,-1.2261,-1.2417,0.2072,-1.691,-0.9079,100.0,True,1000
VmPFC,beta1,band_power,TS->ESS1,TS → ESS1,61,-0.921,-0.9319,0.1618,-1.2897,-0.659,100.0,True,1000
VmPFC,beta1,band_power,ESS1->LSS1,ESS1 → LSS1,61,0.5162,0.5402,0.1603,0.2549,0.8728,100.0,True,1000
VmPFC,beta1,band_power,WS->ESS1,WS → ESS1,61,-1.6192,-1.6293,0.1698,-1.9943,-1.339,100.0,True,1000
VmPFC,beta1,band_power,WS->LSS1,WS → LSS1,61,-0.9364,-0.9411,0.155,-1.2818,-0.6722,100.0,True,1000
VmPFC,beta1,peak_height,WS->TS,WS → TS,61,-0.4603,-0.463,0.1163,-0.6981,-0.2373,100.0,True,1000
VmPFC,beta1,peak_height,TS->ESS1,TS → ESS1,61,-0.0564,-0.0583,0.1332,-0.3129,0.2014,67.1,False,1000
VmPFC,beta1,peak_height,ESS1->LSS1,ESS1 → LSS1,61,0.4268,0.426,0.1115,0.2078,0.6441,100.0,True,1000
VmPFC,beta1,peak_height,WS->ESS1,WS → ESS1,61,-0.4354,-0.4424,0.134,-0.7215,-0.1896,100.0,True,1000
VmPFC,beta1,peak_height,WS->LSS1,WS → LSS1,61,-0.0941,-0.0943,0.1345,-0.3703,0.1739,76.2,False,1000
VmPFC,beta2,band_power,WS->TS,WS → TS,61,-1.4597,-1.484,0.1673,-1.849,-1.2133,100.0,True,1000
VmPFC,beta2,band_power,TS->ESS1,TS → ESS1,61,-1.3485,-1.3612,0.1663,-1.7371,-1.0897,100.0,True,1000
VmPFC,beta2,band_power,ESS1->LSS1,ESS1 → LSS1,61,-0.4096,-0.416,0.1314,-0.6834,-0.1622,100.0,True,1000
VmPFC,beta2,band_power,WS->ESS1,WS → ESS1,61,-2.0181,-2.0363,0.2482,-2.5964,-1.6663,100.0,True,1000
VmPFC,beta2,band_power,WS->LSS1,WS → LSS1,61,-2.386,-2.4225,0.2457,-2.9716,-2.0455,100.0,True,1000
VmPFC,beta2,peak_height,WS->TS,WS → TS,61,-0.6927,-0.6965,0.1282,-0.9707,-0.468,100.0,True,1000
VmPFC,beta2,peak_height,TS->ESS1,TS → ESS1,61,-0.5987,-0.604,0.1114,-0.8334,-0.4073,100.0,True,1000
VmPFC,beta2,peak_height,ESS1->LSS1,ESS1 → LSS1,61,-0.2669,-0.2729,0.1395,-0.5649,-0.0351,98.5,True,1000
VmPFC,beta2,peak_height,WS->ESS1,WS → ESS1,61,-1.0907,-1.1032,0.1559,-1.4445,-0.8347,100.0,True,1000
VmPFC,beta2,peak_height,WS->LSS1,WS → LSS1,61,-1.1368,-1.1443,0.131,-1.4315,-0.9168,100.0,True,1000
VmPFC,beta3,band_power,WS->TS,WS → TS,61,-0.5944,-0.6152,0.1621,-0.9774,-0.3443,100.0,True,1000
VmPFC,beta3,band_power,TS->ESS1,TS → ESS1,61,-0.8986,-0.954,0.2026,-1.4145,-0.661,100.0,True,1000
VmPFC,beta3,band_power,ESS1->LSS1,ESS1 → LSS1,61,-0.6773,-0.6907,0.1362,-0.9524,-0.4512,100.0,True,1000
VmPFC,beta3,band_power,WS->ESS1,WS → ESS1,61,-1.2273,-1.2527,0.1968,-1.6606,-0.9293,100.0,True,1000
VmPFC,beta3,band_power,WS->LSS1,WS → LSS1,61,-2.2585,-2.2772,0.2242,-2.781,-1.901,100.0,True,1000
VmPFC,beta3,peak_height,WS->TS,WS → TS,61,0.0095,0.0096,0.1364,-0.2591,0.2838,54.3,False,1000
VmPFC,beta3,peak_height,TS->ESS1,TS → ESS1,61,0.2392,0.2402,0.1348,0.0039,0.506,97.6,True,1000
VmPFC,beta3,peak_height,ESS1->LSS1,ESS1 → LSS1,61,-0.528,-0.5361,0.1381,-0.8291,-0.2953,100.0,True,1000
VmPFC,beta3,peak_height,WS->ESS1,WS → ESS1,61,0.1519,0.1533,0.1444,-0.102,0.4725,86.3,False,1000
VmPFC,beta3,peak_height,WS->LSS1,WS → LSS1,61,-0.1083,-0.1042,0.1298,-0.3464,0.1848,80.5,False,1000
